:020000040800F2
:1000000078160010010300080D620008C5590008A9
:1000100009620008F5150008AD6D00080000000039
:10002000000000000000000000000000DF65000884
:100030002319000800000000EB630008E1650008D8
:100040001B0300081B0300081B0300081B03000818
:100050001B0300081B0300081B0300081B03000808
:100060001B0300081B0300081B0300081B030008F8
:100070001B0300081B0300081B0300081B030008E8
:100080001B0300081B0300081B0300081B030008D8
:100090001B0300081B0300081B0300081B030008C8
:1000A0001B0300081B0300081B0300081B030008B8
:1000B0001B0300081B0300081B0300081B030008A8
:1000C0001B0300081B0300081B0300081B03000898
:1000D0001B0300081B0300081B0300081B03000888
:1000E0001B0300081B0300081B0300081B03000878
:1000F0001B0300081B0300081B0300081B03000868
:100100001B0300081B0300081B0300081B03000857
:100110001B0300081B0300081B0300081B03000847
:100120001B0300080B1900081B030008171900081F
:100130001B0300081B0300081B0300081B03000827
:100140001B0300081B0300081B0300081B03000817
:100150001B0300081B0300081B0300081B03000807
:100160001B0300081B0300081B0300081B030008F7
:100170001B0300081B030008FF1800080000000014
:100180001B0300081B03000800F002F800F0A8F8A9
:1001900014A696E8000CB244B344DA4501D100F04D
:1001A0009FF8BAE80F000FA696E83000A5EB04050B
:1001B00004EB0607AAEB0704A7F101074FEA1515A0
:1001C0004FEA3414A4F10104AC4201D300F088F8E2
:1001D00013F0010F18BFFB1A43F0010300F001F800
:1001E000DBE7184788C70000B8C70000103A24BFF3
:1001F00078C878C1FAD8520724BF30C830C144BF8C
:1002000004680C6070470000704700000023002461
:1002100000250026103A28BF78C1FBD8520728BF16
:1002200030C148BF0B6070476E2900F0738370299E
:1002300000F06981662908F0A683652908F0A38388
:10024000672908F0A083612908F09F8303681B0ACF
:1002500028BF41F08001692900F02083642900F063
:100260001D83752900F01A836F2900F057847829BF
:1002700000F03581E92900F0F183E42900F0EE83F4
:10028000F52900F0EB83EF2900F05484F82900F001
:1002900034810368DB0928BF41F08001632901F044
:1002A0002F80732901F03480E32901F03F80F32986
:1002B00001F04480002070471FB508F057FB01F0A3
:1002C00097F804000020002108F03AFB401C606011
:1002D0000020002108F01EFBE0601FBD10B510BD1E
:1002E00001F058F81146FFF7E7FF07F05DF901F05C
:1002F00035F903B4FFF7F2FF03BC06F058FD000028
:100300000948804709480047FEE7FEE7FEE7FEE7A9
:10031000FEE7FEE7FEE7FEE7FEE7FEE704480549E5
:10032000054A064B704700008766000889010008EF
:100330007806001078160010780E0010780E001065
:10034000704753EA020C00F069802DE9F04B4FF042
:100350000006002B1FBFB3FA83F503FA05F424FA55
:1003600005F65E4012BF1643B2FA82F502FA05F4B2
:10037000C5F120051EBF22FA05FC44EA0C04203515
:1003800056EA044C4FEA144418BF641C4FF00008AE
:100390004FF00009904271EB030C39D3002919BFCB
:1003A000B1FA81F701FA07F6B0FA80F700FA07F61A
:1003B000C7F120071EBF20FA07FC46EA0C062037CB
:1003C000B6FBF4FCA7EB0507103F07F01F0BCBF1C2
:1003D00020062CFA06F60CFA0BFB44BFB3460026A7
:1003E000202FA4BF5E464FF0000B5BEA060C08BF4F
:1003F0004FF0010B19EB0B0948EB0608ABFB027C35
:1004000006FB02CC0BFB03CCC01B71EB0C01C1E75C
:100410000B46024641464846BDE8F08B13B50843FB
:1004200018BF4FF0FF300146AFF30080BDE81C401D
:10043000704700007CB51D4616460C00009007D0A2
:100440004142A14202D32044401E01E04FF0FF3060
:10045000064B7B442A4669460190304600F073FA09
:10046000002C02D0009A002111707CBD17050000FD
:100470000FB4044910B503AA029800F07FFA10BC2B
:100480005DF814FB48010010F0B40D460188090521
:1004900002D5214C7C4402E01F4C7C440E340021E8
:1004A00000F1240608E002F00F071209E75D42EAB6
:1004B00003721B097754491C52EA0307F3D10278EF
:1004C0000023120704D5702D06D009B10223113480
:1004D0002246F0BC00F089B901231034F8E770B56A
:1004E00004460D462146106800F04DF902462946A3
:1004F0002046BDE870400023C6E7D21D22F0070366
:10050000D3E90023C0E70368126843F020030360C7
:100510000823C3610023B7E7F68400002DE9F05FEC
:10052000894604464FF0000ADFF874B1FB44C0F876
:1005300020A02046E1688847002874D0252806D0EE
:10054000D4E901219047206A401C2062F1E700268F
:100550005F462046E16888472028054607DB312DA5
:1005600005D2781910F8200C08B10643F1E7B0075E
:1005700001D526F00406C4F81CA00027C4F818A072
:100580002A2D09D0284608F0BDF938B304EB8708B6
:10059000303DC8F8185019E059F8041B204604EB08
:1005A00087029161E1688847012F054618D1E0690B
:1005B000002820DA26F020061DE0D8F8180000EB0D
:1005C000800005EB40003038C8F818002046E1688C
:1005D0008847054608F096F90028EED1012F0AD089
:1005E0002E2D08D12046E16888477F1C0546022F42
:1005F00046F02006C4DBA069002803DA404246F03A
:100600000106A061F00701D026F010066C2D0BD07A
:10061000682D09D04C2D39D06A2D35D0742D35D0A8
:100620007A2D33D016E038E0E1682F46204688471F
:10063000B842054609D16C2F26D04FF48060E1689E
:10064000064320468847054604E06C2F1AD04FF435
:10065000807006430DB3A5F14100192802D820355A
:1006600046F400664A462946204626604E46FFF775
:10067000DBFD80B101280BD0F61D26F0070000F14C
:10068000080956E74020E4E78020D8E70020D6E7B5
:1006900006F104094DE7284652E7206ABDE8F09FBD
:1006A0008684000010B5044603E006F0AAFB401C57
:1006B00009D014F8010B05490028F6D1BDE8104017
:1006C0000A2006F09EBB4FF0FF3010BD480100101D
:1006D0004FF0000200B5134694469646203922BFDB
:1006E000A0E80C50A0E80C50B1F12001BFF4F7AF26
:1006F000090728BFA0E80C5048BF0CC05DF804EB08
:10070000890028BF40F8042B08BF704748BF20F875
:10071000022B11F0804F18BF00F8012B7047704773
:1007200070477047704770B5044685690068C10618
:1007300001D5302600E02026C00707D070BDD4E9DF
:10074000012130469047206A401C20626D1EF6D57C
:1007500070BD70B5044685690078C00707D170BDCB
:10076000D4E9012120209047206A401C20626D1EA0
:10077000F6D570BD09684A0501D540B27047C90574
:10078000FCD500B2704709684A0501D5C0B2704770
:10079000C905FCD580B2704770B50C460546012AE4
:1007A00005D02878800600D5EA69002302E00123FD
:1007B00005E05B1C934202D2E05C0028F9D1A869F5
:1007C000E618C01AA861286A184428622846FFF76C
:1007D000AAFF04E0D5E9012114F8010B9047B442C7
:1007E000F8D32846FFF7B5FF70BD2DE9F0470D4659
:1007F00099469246044600F124080168880604D50B
:10080000E06921F01001216000E00120A84201DD33
:10081000471B00E00027A1697A1902EB0900081ABA
:10082000A0612078C00602D42046FFF77CFF002696
:1008300008E0D4E901211AF806009047206A401C1C
:10084000761C20624E45F4DB2078C0060AD520468F
:10085000FFF769FF06E0D4E9012130209047206AC4
:10086000401C2062381EA7F10107F4DC07E0D4E940
:10087000012118F805009047206A401C2062281EBC
:10088000A5F10105F3DC2046FFF763FF20780006A1
:1008900002D50220BDE8F0870120FBE72DE9F041F9
:1008A0000646002410687529314616A510D0FFF7BA
:1008B00061FF002802DA404213A507E031688A0789
:1008C00001D512A502E0490704D511A5012401E0D4
:1008D000FFF759FF00210A2206F1240709E0B0FBC7
:1008E000F2FCB0FBF2F302FB1C00303078541846E7
:1008F000491C0028F3D123462A463046BDE8F04182
:10090000FFF773BF000000002D0000002B00000067
:100910002000000011680268006A530501D50870C4
:100920000AE0D30501D5088006E0130603D5C217F7
:10093000C1E9000200E008600120704701694A1C1B
:1009400002610878704700B58FB0CDE90131002110
:10095000059105497944CDE9031011466846FFF732
:10096000DDFD0FB000BD0000E5FFFFFFD1E9002372
:100970009A4202D2531C0B6010707047074B70B53F
:100980000D467B44FFF7DFFF0446284600F0DAFC03
:1009900010B14FF0FF3070BD204670BD7D64000087
:1009A0002DE9FF5F15468A460446DFF8AC80F8441F
:1009B0000027D8E900103E46CDE9001010E03AF8D3
:1009C00016106A4602A800F0C1FC411C07D021782D
:1009D000890603D5E269391891420DD80744761C7F
:1009E0002078800602D5E069B84205DDAE42E6DB3C
:1009F0003AF816000028E2D1A069C01BA061204689
:100A0000FFF791FED8E90010CDE90010002017E0B3
:100A10003AF818106A4602A800F098FCB0F1FF3FBF
:100A200081460BD000250DF1080B05E0D4E901212A
:100A30001BF8050090476D1C4D45F7D308F10100E8
:100A4000B0428046E4DB206A384420622046FFF74B
:100A500080FEBDE8FF9F0000168000002DE9F041F8
:100A60008046D21D22F007020025D2E90002F529B6
:100A700015A614D0011E72F1000106DA0023D0EB96
:100A8000030063EB020211A608E0D8F800108B0700
:100A900001D50FA602E0490701D50EA60125114692
:100AA000002408F1240704E000F04EF830323A55F3
:100AB000641C50EA0102F7D12B46324621464046DB
:100AC000BDE8F041FFF791BE000000002D000000DE
:100AD0002B0000002000000030B4002100F12404AD
:100AE00008E002F00705D208303542EA4372DB081D
:100AF0006554491C52EA0305F3D10468002310A28F
:100B0000250708D504F020040C4304D0C469012350
:100B10000CA2641EC46130BCFFF767BE10B504466A
:100B200021461068FFF72FFE02462046BDE8104020
:100B30000023D1E7D21D22F00701D1E90023CBE742
:100B4000000000003000000030B5B0F10A0271F181
:100B500000034FEA900E4EEA817EB0EB0E0061EB8F
:100B600091014FEA101E4EEA017E10EB0E0041EBA0
:100B700011114FEA102E4EEA016E10EB0E0041EB00
:100B800011214FEA104E4EEA014E10EB0E0041EBE0
:100B90001141401841F100014FEAD00040EA417094
:100BA0004FEAD1014FEA810444EA907410EB8005CA
:100BB00044EB01046D1944EB0404521BA3414FF0B4
:100BC000000348BF0A3200D530BD401C41F100018E
:100BD00030BD2DE9FF4F0C461E464FF0FF378BB05E
:100BE000D2E90001DDF860800A908A46C1F30A5517
:100BF00005B93D46002108464FF00000BAF1000F4C
:100C000000F4400005DA00EB80004FF4400101EAF7
:100C100050004FEA9059B9F1010F00DDB9460A982A
:100C200050EA4A000ED044F61050A5F2FF35454375
:100C30002F14B8F1000F1ED07542291E1EDDC9F118
:100C400000021CE0B8F1010F4FF0000001D030218C
:100C500003E0F24305E02154401CB042FBDB304688
:100C60000022002121540B99C1F80880C1E900201D
:100C70000FB0BDE8F08FBD1B6D1CDEE74A4600DA01
:100C8000694206A800F0F8FB06AB93E8070003AB47
:100C900083E8070050460A9907F054FA8DE80700E8
:100CA000A0F500501F3800900398002D0ADD42F295
:100CB0001F014A460844002303A90390684607F031
:100CC000BDFC09E0A0F500504A461F38002303A9E7
:100CD0000390684607F0C7FC8DE807000004000C8D
:100CE00003D04FF0FF30410800E01046B8F1000F8C
:100CF00003D00022009215461EE0751E05D4FFF7B2
:100D000023FF303262556D1EF9D5B34601220843E8
:100D100002D000227F1C04E02078302801D100227C
:100D20007F1E002A099784D01DE0112D07DAFFF7F6
:100D30000BFF303262556D1C50EA0102F5D10843B9
:100D400002D00098C8B10EE00021681E05E0235CC7
:100D5000625C63542254401E491C8142F7DBAB465F
:100D6000A81B401E0990002004F80B000B98099A5C
:100D7000C0F80880C0E9002B7AE711264FF0000880
:100D800057E72DE9F04F88460446D21D22F00701AF
:100D900091B0D1E90001CDE90A0107F09BFD0246BF
:100DA0000B98C00F01D02D2007E02068810701D5E6
:100DB0002B2002E0202101EAC000032A099001D083
:100DC000072A05DB03464146204600F015FB0BE1F0
:100DD0002078800601D5E06900E00620B8F1650FB3
:100DE000814606D0B8F1660F18D0B8F1670F70D100
:100DF00031E00020B9F1110F009001DB112301E077
:100E000009F101030AAA01A90CA8FFF7E2FEDDE936
:100E10000C70002609F10105834647E001204B468E
:100E200000904FF000470AAA01A90CA8FFF7D1FED5
:100E3000DDE90DB00C995D46002610B909F10100FD
:100E40000D18B9EB050003D4C0F1FF3609F1010517
:100E5000A5EB09002BE0B9F1010F01DA4FF0010910
:100E60000020B9F1110F0090484601DD112300E088
:100E700003460AAA01A90CA8FFF7ABFEDDE90C7036
:100E80004D4600268346207800070AD4AB4500DA99
:100E90005D4601A8012D04DD411911F8011C30291E
:100EA00007D04F4502DA17F1040F04DA0120824619
:100EB0000FE06D1EEEE7002F02DCED1B3E4403E069
:100EC000781CA84200DD7D1CB81B00F1010A4FF020
:100ED00000472078000703D4AA4501DB4FF0FF3A12
:100EE0000021B7F1004F0DF143088DF8431024D0D5
:100EF00002202B23002F01DA7F422D230A21021E1C
:100F0000A0F1010000DC5FB197FBF1FC97FBF1F26F
:100F100001FB1C7C17460CF1300C08F801CDEEE704
:100F2000A8F1010003702188090501D5452100E0E1
:100F30006521A0F1010800F8011C09980FA9A1EB97
:100F40000807FF1D00B10120411901EBEA70A169FA
:100F50003844081A401EA0612078C00602D42046FA
:100F6000FFF7E1FB099828B1D4E901219047206AF5
:100F7000401C20622078C00622D52046FFF7D3FB14
:100F80001EE0002E04DBB34502DD01A8805D00E019
:100F90003020D4E901219047206A401C2062761C51
:100FA000AAF101005FEA000A0AD100F021FAC06844
:100FB0000168405CD4E901219047206A401C20620E
:100FC000281EA5F10105DCDC07E0D4E9012118F8B1
:100FD000010B9047206A401C2062381EA7F10107D0
:100FE000F3DC2046FFF7B5FB032011B041E600001B
:100FF0002DE9F04F04460D46D21D22F0070089B0BE
:10100000D0E900974846394607F064FC0246F80FDD
:1010100001D02D2307E02068810701D52B2302E0B2
:10102000202101EAC0038DF820300BB1012000E03F
:101030000020032A824601D0072A04DB29462046E5
:1010400000F0DAF93FE12078800601D40D2500E0B8
:10105000E569C7F30A560D2D49DA00214FEA175BFF
:1010600008464FF00000002F00F4400007DA00EBC4
:1010700080004FF4400100EBD07001EA6000811560
:10108000012901DD4FF0FF3100224FEA850CBCF150
:10109000180F06D31346ACF118004FF08052C2402F
:1010A00003E04FF4801323FA0CF30CF10C0CBCF1A9
:1010B000200F04D3ACF1200C09FA0CF001E007FA80
:1010C0000CF000294FF0004801DD18B90FE00ED1F7
:1010D00040450CD319EB02095F4121B9404502D1CB
:1010E0009F4329EA0209BBEB175F00D0761C2088DA
:1010F000000502D57B48784402E07A4878441938E4
:1011000008AA302302F80A30037C0AF10101002EFC
:101110000AF1020A53546A4602DC4FF0300101E042
:101120004FF031014FF001088DF8001002D0A6F207
:10113000FF3603E059EA470100D06B4E002D02DC78
:101140002178090704D54FF002082E218DF80110EF
:10115000C44600210BE0C7F303433F01C35C491CB5
:101160006D1E02F80830052908F1010801DA002D8A
:10117000F1DC00210CE000EB1973491C1B786D1E9B
:10118000082902F808304FEA091908F1010801DAC4
:10119000002DF0DC21688B0602D516E0A8F10108CD
:1011A000E04505DD02EB080313F8013C302BF5D0D8
:1011B000B8F1000F09DD02EB080313F8013C2E2BF8
:1011C00003D1090701D4A8F10108002D05DD3E2156
:1011D00002F808106D1E08F10108407C002E02F88C
:1011E000080008F1010804DA2D20764202F8080010
:1011F00002E02B2002F808000A214FF47A708642A0
:1012000008F101080BDB96FBF0F3303302F80830ED
:1012100096FBF0F308F1010800FB136601E0642E71
:101220000CDB642096FBF0F3303302F8083096FBB9
:10123000F0F308F1010800FB136601E00A2E06DB5B
:1012400096FBF1F0303002F8080008F1010896FB37
:10125000F1F001FB1060303002F80800A16908F1DC
:10126000010808EB050202EB0A00081AA0612078C9
:10127000C00602D42046FFF756FA216A08AE01EBF9
:101280000A00206204E0D4E9012116F8010B90471E
:10129000BAF1010AF7D22078C00602D52046FFF73E
:1012A00042FA6E4609E016F8010B3E280FD0D4E949
:1012B00001219047206A401C2062B8F10108F2D257
:1012C0002046FFF746FA09B00320BDE8F08F206AF8
:1012D0002844206203E0D4E90121302090476D1EAC
:1012E000EBD3F8E7E978000002FCFFFF10B5436993
:1012F00013B1AFF3008001E0FFF74EFA012010BDFB
:10130000127800F124010A7000224A700122EDE7F0
:1013100011684FF0FF32E9E710B5436913B1AFF33D
:10132000008001E0FFF73CFB012010BD128800F1B6
:10133000240182840022C2840122EDE711684FF06B
:10134000FF32E9E7007B00F0800070472DE9F041B3
:1013500016460C46054600F043F8036893F8010171
:10136000012807D0FF2C12D8185D80B101202C7005
:10137000BDE8F081D3F807013246214603F2071396
:10138000C7182846BC46BDE8F041002360474FF02F
:10139000FF30EDE7754600F0EBF8AE460500694614
:1013A000534620F00700854618B020B5FEF7B6FF7B
:1013B000BDE820404FF000064FF000074FF0000856
:1013C0004FF0000BAC46ACE8C009ACE8C009ACE893
:1013D000C009ACE8C00921F007018D467047000044
:1013E00010B500F005F8001D10BD00BF55750000D8
:1013F00000487047F80000102DE9F0411F460446F0
:1014000003260168072A01F4006004DB08B116A571
:1014100005E016A503E008B115A500E015A521F02B
:1014200010002060A069C01EA0610FB1401EA06125
:101430002046FFF778F94FB1D4E9012138469047AB
:10144000206A401C2062C01C206206E0206AFAE785
:10145000D4E9012115F8010B9047761EF8D22046F9
:10146000FFF777F9BDE8F0814E414E006E616E00E6
:10147000494E4600696E66002DE9F04781461646E2
:101480008AB0354878440DC88DE80D00324878445C
:10149000801C03AC0DC884E80D0041F69B30084465
:1014A000372190FBF1F290FBF1F5A5F1800501FBEE
:1014B00012041B3C02D56442012000E00020DFF84A
:1014C00098A080460027FA44AAF1BE0A0EE0E00781
:1014D0000AD03246684607EB470101230AEB810137
:1014E00007F0C1F88DE8070064107F1C002CEED1D6
:1014F000194F7F44AE3F19E0E80715D007EB041001
:101500000DF1180A90E80E008AE80E00C068F0425B
:1015100001D1981908903246012306A903A807F0C3
:10152000A2F803AB83E807006D10641C002DE3D123
:101530004FF0010332466946B8F1000F03A802D00C
:1015400007F07CF801E007F08EF8C9E90001C9F85E
:1015500008200AB0BDE8F087EC75000010B504461D
:10156000AFF300802046BDE81040FEF7C2BE000089
:1015700000487047D800001030B44FF0013C50F8DC
:10158000042B51F8043BCCFA52F4D51A20D1FCB903
:1015900050F8042B51F8043BCCFA52F4D51A17D169
:1015A000B4B950F8042B51F8043BCCFA52F4D51AD4
:1015B0000ED16CB950F8042B51F8043BCCFA52F41C
:1015C000D51A05D1002CDAD030BC4FF0000070479E
:1015D00029BAB1FA81F111F01801D1F1200084404B
:1015E000F2D1CA40CB4012F0FF0213F0FF0330BC2F
:1015F000D01A7047FEE7000070B540F29C15C1F2AA
:10160000000528606420A8604220287128460C4606
:1016100000F0D1F8A88947F6A276B04208D1E8894F
:1016200047F27361884203D1BDE8704004F0EFBD1A
:1016300060202871284600F0BEF8A9891BA0FEF79B
:1016400017FFE98920A0FEF713FFA889B04209D14E
:10165000E88942F24361884204D82046BDE87040E0
:1016600006F016B842202871284600F0A4F8A88990
:1016700047F6A271884209D1E88947F2237188426E
:1016800004D82046BDE8704006F0BEBB7820287123
:10169000284600F090F8E88945F24061884218BF7A
:1016A00070BD2046BDE8704006F016B96863616DF4
:1016B0006572612E6D616E75665F6964203D2030D4
:1016C000782578200D0A00006863616D6572612ECF
:1016D0006465766963655F6964203D2030782578AC
:1016E000200D0A0070B582B005468DF807102979E3
:1016F0000068AC68164601310DF107020123009421
:1017000001F0BCFC29792868AD680131324601231B
:10171000009501F03DFB002818BF012002B070BD0C
:1017200080B584B08C4603680179D0F808E00120C8
:101730000131CDE90020184662461023CDF808E0BB
:1017400001F06CFD002818BF012004B080BD80B5F9
:1017500082B0127803688DF806100179D0F808C0BD
:101760008DF807200DF1060218460223CDF800C0BF
:1017700001F084FC002818BF012002B080BD80B5B4
:1017800084B00B468DF80F2002680179D0F808C0AC
:101790004FF0010E0DF10F000131CDE9000E1046A2
:1017A0001A461023CDF808C001F052FE002818BFD9
:1017B000012004B080BDF0B585B001790446012553
:1017C00078298DF8105020D140F29C16C1F2000605
:1017D0003179B2683068013104AF029243F20A02F3
:1017E00010230097019501F019FD31797A1C3068BA
:1017F000B7680131CDE9002543F20B0210230297AF
:1018000001F00CFD0020A08126E040F2FF122068CC
:10181000A668ADF812200DF112020223009601F025
:101820002DFC04AD20461C212A46FFF75BFF6E1CF1
:1018300020461D213246FFF755FFBDF810000A2152
:1018400000BA000CA08120462A46FFF74BFF204635
:101850000B213246FFF746FFBDF8100000BA010C1D
:101860000020E18105B0F0BD806B816B496D0229DC
:101870001CBF012180F8251000F057B810B5846B0B
:10188000A36AA06B01680A685BB1A36ADB0715D184
:1018900012F4002212D0C968E26A01EBC2010022F0
:1018A00014E0100318D40868000317D4E06AD4E9E0
:1018B0000C2303EB80000861A2620FE00A681203A8
:1018C0000CD40969E26A01EBC201012200F05DFA61
:1018D000A06A0138A06201E0606BC860A06A216B59
:1018E000884218BF10BD2068C16841F00101C16085
:1018F0000068800744BF012084F8250010BD40F235
:10190000B010C1F2000000F036B840F2F010C1F2A1
:10191000000000F08FBC40F25020C1F2000000F047
:1019200089BC704772B600BFFEE77047B0B501F0E2
:10193000F4F840F24415C1F20005296840F2401461
:10194000401AC0087C28C1F200040AD901F0E5F869
:101950002860206840F23811C1F2000108600120BF
:1019600001E020680130206040F23C10C1F200002C
:1019700001210160B0BD70B50446006841F66906FA
:101980000569C0F6000669070BD504214161E06BCB
:1019900040F00200E06384F82510A06B066500F0BB
:1019A00037FCA8070DD521680222A06B4A61E16BC4
:1019B00041F00101E163042184F82510066500F07F
:1019C00027FCE80605D5206810214161204600F07B
:1019D000C2F8280705D5206808214161204600F09B
:1019E000D3F9E80708BF70BD21680868800703D5F0
:1019F000C86820F01E00C860C86820F001022046B8
:101A0000CA60BDE87040FFF791BF002800F0A180D8
:101A1000F0B581B0044600680021C5F20501884296
:101A200006D04CF2D460C0F60000582105F0C0F991
:101A3000A06840F02000202806D04CF2D460C0F608
:101A40000000592105F0B4F9E06840F080008028DA
:101A500006D04CF2D460C0F600005A2105F0A8F977
:101A6000206940F04000402806D04CF2D460C0F617
:101A700000005B2105F09CF9606840F01000102820
:101A800006D04CF2D460C0F600005C2105F090F95D
:101A9000606960B1B0F5807F09D0B0F5007F06D0F5
:101AA0004CF2D460C0F600005D2105F081F9A06918
:101AB0004FEAB020042806D34CF2D460C0F60000F0
:101AC0005E2105F075F9206A40F00800082806D06C
:101AD0004CF2D460C0F600005F2105F069F994F87B
:101AE000250040B9002084F82400204600F034F896
:101AF000204600F031F8022084F8250094E80350D5
:101B000040F6F8730268102922EA03020260D4E961
:101B10000432A56942EA0E0242EA0302266A42EA58
:101B20000C02076842EA050242EA060242EA07029C
:101B300042EA0102026004BFE1698161C16841F0CB
:101B40001E01C16000200121E06384F8251001B06E
:101B5000F0BD0120704770472DE9F04F85B0044675
:101B600000680021C5F20501884240F09A800022F9
:101B700043F630000092C4F202004168002541F0B3
:101B8000010141604168C4F2020501F001010091C8
:101B90000099009201686E4641F0100101600168F1
:101BA0004FF0020901F010010091009900920168C4
:101BB0004FF0010A41F00101016001684FF0030B91
:101BC00001F0010100910099009201680D2741F098
:101BD00004010160016801F0040100910099009284
:101BE000016841F0020101600068314600F0020026
:101BF000009000987320009005F58050CDF8049077
:101C0000CDF808A0CDF80CB0049700F0FBFD5020F3
:101C10008DE8010E28463146049700F0F3FD4FF0A1
:101C2000C00805F5006031468DE8000F049700F00C
:101C3000E9FD05F5806031468DE8000F049700F05E
:101C4000E1FD40F2F01546F22840C1F20005C4F271
:101C500002004FF00071C5E9000100204FF48062DE
:101C6000C5E9020005F110004FF480534FF480479E
:101C700000218CC04FF440304FF48076C5E9080154
:101C80002846EE6100F09AFB08B1FFF74BFE4E20AC
:101C900000210022A563AC6301F031FD4E2001F06C
:101CA00016FD05B0BDE8F08FF0B581B00F466FF0BE
:101CB00002011E4615460F42044607D04CF29B60B7
:101CC000C0F6000040F2611105F072F894F82400AB
:101CD00001284FF0020055D04FF0010C84F824C0C9
:101CE00084F825002168A06B0B68002243F4804330
:101CF0000B600B68B2EB164F23F002030B600B680E
:101D000043EA07030B6041F67D0341F66907C0F61D
:101D10000003C0F60007C363C0E91372A262226326
:101D200005D128312A46334600F009FD22E04364FC
:101D3000C4F828C0E6626563E26AB2F5803F0BD35F
:101D4000002200BFE36A5B08E362A36A5B00A36250
:101D5000E36AB2EB134FF5D1A26A2831023AA262CC
:101D6000A26A2263E26AE76A05EB82032A460097C9
:101D700000F015F82068016841F0010101600020C1
:101D800084F8240001B0F0BD7047D0F800C01023E3
:101D90000020002A08BF0C234CF8031070472DE9DF
:101DA000F041069C15460E46611E4FF6FF721F4617
:101DB0009142804606D34CF28170C0F600009F210C
:101DC00004F0F6FFD8F80820802A02D14FF4807082
:101DD00049E0D8F83C00002844D0D8F84400002856
:101DE00040D0D8F84C00E8B398F83400012842D02D
:101DF000012088F8340098F83500012838D10220F5
:101E000088F835000020C8F85400D8F8000046F2E1
:101E10000C410368402A43F480233246C4F2020195
:101E200003600761446004BF2A463546826001F1C1
:101E30004C029042C56021D946F28842C4F20202A7
:101E400090425BD046F27042C4F20202904263D1EB
:101E500020220A6010220A6008220A6004220A6016
:101E60000122B6E14020C8F854000120BDE8F0810D
:101E7000002088F834000220BDE8F08146F2080115
:101E8000C4F2020101F1B002904216D946F21043A9
:101E9000C4F2020346F228429842C4F2020274D00D
:101EA00090426FD046F24047C4F20207B8420CBFDE
:101EB0004FF400174FF0006768E001F1500746F259
:101EC000100246F27003B842C4F20202C4F20203E6
:101ED00045D9984200F0B08046F28806C4F2020666
:101EE000B04200F0AB8046F2A006C4F20206B04257
:101EF0000CBF4FF400164FF00066A1E04FF40062F3
:101F00000A604FF480620A604FF400720A604FF476
:101F100080720A6040225CE101F194034FF000629C
:101F2000984208BF4FF400120A604FF0806208BF69
:101F30004FF480120A604FF00072984208BF4FF4CD
:101F400000220A604FF0807208BF4FF480220A60BE
:101F50004FF48002984208BF4FF4803239E190423A
:101F600070D046F22806C4F20206B0426CD046F2A7
:101F70004006C4F20206B0420CBF4FF400164FF008
:101F8000006663E04FF4006700E020279842C1F844
:101F900000740FD090420AD046F24047C4F20207C4
:101FA000B8420CBF4FF480174FF0806703E04FF446
:101FB000806700E010279842C1F800740FD090426B
:101FC0000AD046F24047C4F20207B8420CBF4FF4B1
:101FD00000274FF0007703E04FF4007700E0082778
:101FE0009842C1F800740FD090420AD046F24047A0
:101FF000C4F20207B8420CBF4FF480274FF080773D
:1020000003E04FF4807700E004279842C1F80074A1
:102010000ED090420AD046F24042C4F202029042F0
:102020000CBF4FF480324FF4800202E0402200E007
:102030000122C1F80024CDE0202601E04FF4006623
:102040004E6004E0202601E04FF400660E60B842C6
:1020500012D9984223D046F28806C4F20206B04252
:102060001FD046F2A006C4F20206B0420CBF4FF4E5
:1020700080164FF0806616E0904216D046F2280691
:10208000C4F20206B04212D046F24006C4F2020682
:10209000B0420CBF4FF480164FF0806609E0102666
:1020A00001E04FF480664E6004E0102601E04FF43A
:1020B00080660E60B84212D9984223D046F2880654
:1020C000C4F20206B0421FD046F2A006C4F20206D5
:1020D000B0420CBF4FF400264FF0007616E090425D
:1020E00016D046F22806C4F20206B04212D046F2DA
:1020F0004006C4F20206B0420CBF4FF400264FF077
:10210000007609E0082601E04FF400764E6004E016
:10211000082601E04FF400760E60B84212D99842CA
:1021200023D046F28806C4F20206B0421FD046F21F
:10213000A006C4F20206B0420CBF4FF480264FF056
:10214000807616E0904216D046F22806C4F20206C7
:10215000B04212D046F24006C4F20206B0420CBFB2
:102160004FF480264FF0807609E0042601E04FF41A
:1021700080764E6004E0042601E04FF480760E6025
:10218000B84212D998423ED046F28802C4F2020206
:1021900090423AD046F2A002C4F2020290420CBF32
:1021A0004FF480324FF4800230E090423FF458AE5A
:1021B00046F22802C4F2020290423FF4ABAE46F26D
:1021C0004002C4F2020290420CBF4FF480324FF43E
:1021D00080020A60016841F016010160416941F026
:1021E00080014161D8F8401011B9D8F8481019B1F0
:1021F000016841F008010160016841F001010160DE
:102200000020BDE8F081012200E040224A60E1E7C1
:1022100090F83510022909D1052180F835100068A1
:10222000016821F0010101600020704780214165B3
:1022300001207047F0B581B004460020009040F2C4
:102240000000C1F200000268D4E9166048F2B5133C
:1022500037680821C1F64E3381403942A2FB03257D
:102260000CD0226813685B0708D5136823F00403B9
:102270001360B160616D41F0010161650121814030
:10228000394208D022685269120604D5B160616DE6
:1022900041F00201616504218140394208D0226881
:1022A0001268920704D5B160616D41F00401616567
:1022B00010218140394217D020680268120713D5D7
:1022C000B16002680168520306D4C90506D40168EA
:1022D00021F00801016001E0080301D4216C00E055
:1022E000A16C09B120468847E16D202000FA01F277
:1022F0003A423CD020680368DB0638D5B26094F8D7
:1023000035300268052B1AD122F0160202604269AC
:1023100022F080024261226C0AB9A26C1AB10268F2
:1023200022F0080202603F208840B060012084F85B
:102330003500216D002084F83400B9BB3BE0016812
:1023400052030CD4C9050ED4016821F010010160BC
:10235000012084F83500002084F8340003E00803ED
:1023600001D4616C00E0E16B09B120468847606DE3
:1023700008B3606DC00717D0052084F835002068C9
:10238000A90A026822F00102026000BF009A01322D
:102390008A42009202D80268D207F7D1012084F85D
:1023A0003500002084F83400E16C21B1204601B0F2
:1023B000BDE8F040084701B0F0BD00002DE9F04154
:1023C000044600F0AAFBE4B10546206846F20F413E
:1023D000C4F20201884217DC46F26F01C4F2020126
:1023E000884226DC46F23F01C4F2020188423EDC0C
:1023F00046F21001C4F20201884260D046F2280180
:1024000058E00120BDE8F08146F26F41C4F20201BC
:1024100088421DDC46F23F41C4F2020188422FDCB3
:1024200046F21041C4F20201884248D046F22841E7
:1024300040E046F29F01C4F20201884229DC46F2E4
:102440007001C4F20201884239D046F2880131E0BD
:1024500046F29F41C4F20201884223DC46F27041F9
:10246000C4F2020188422AD046F2884122E046F2B4
:102470004001C4F20201884221D046F2580119E01D
:1024800046F24041C4F20201884218D046F2584157
:1024900010E046F2A001C4F2020188420FD046F2D9
:1024A000B80107E046F2A041C4F20201884206D01A
:1024B00046F2B841C4F20201884240F01D816068D2
:1024C000B0F1606F0AD04FEA7060072806D34CF273
:1024D000BC70C0F60000B82104F06AFCA06850B1DE
:1024E000402808D0802806D04CF2BC70C0F600000E
:1024F000B92104F05DFCE06840F40070B0F5007FA5
:1025000006D04CF2BC70C0F60000BA2104F050FCBA
:10251000206940F48060B0F5806F06D04CF2BC704A
:10252000C0F60000BB2104F043FC606960B1B0F567
:10253000006F09D0B0F5805F06D04CF2BC70C0F6D9
:102540000000BC2104F034FCA06960B1B0F5005F6C
:1025500009D0B0F5804F06D04CF2BC70C0F6000038
:10256000BD2104F025FCE06958B1202809D0B0F560
:10257000807F06D04CF2BC70C0F60000BE2104F093
:1025800017FC206A4FEA3040042806D34CF2BC7096
:10259000C0F60000BF2104F00BFC606A40F00401AB
:1025A000042907D04CF2BC70C0F60000C02104F032
:1025B000FFFB606A08B3A06A042806D34CF2BC7023
:1025C000C0F60000C52104F0F3FBE06A4FEAF050CA
:1025D000042806D34CF2BC70C0F60000C62104F0FB
:1025E000E7FB206B4FEA7050042806D34CF2BC7016
:1025F000C0F60000C72104F0DBFB022084F83500A0
:102600000020216884F83400086820F00100086088
:1026100021680868C00708D000F07FFA401B052831
:10262000F6D903252023032061E0086848F23F0221
:10263000CFF21002D4E9013500EA020C04F10C08D3
:1026400098E8C10143EA0C032B431843D4E9072E51
:10265000304338431043626A40EA0E00042A40EADD
:1026600008031CD1206BD4E90A2E40EA0E0018435F
:1026700008604869BEF1000F20F0030040EA020044
:1026800040F0040C11D0B8F5005F3DD0B8F1000F58
:102690004AD1022A4BD0012A40D0002A46E00B60E2
:1026A000486920F0070040EA020C01F0F8004AF601
:1026B000AB221038CAF6AA22A0FB02231A094BF655
:1026C0002473C1F814C0C0F600039A5C40F2FF33D3
:1026D0005F284FF03F0021EA030100FA02F088BFB3
:1026E0000431C4E9161288600023012500206365C7
:1026F00084F83550BDE8F0814CF2BC70C0F60000A3
:10270000B72104F055FBDAE6032ACED80125402391
:102710000120DFE802F0020C0203E8E7AEF1C0702E
:10272000B0FA80F0400904E0032A04D3BDD1CEF30F
:1027300000600028B9D0012540230120D7E72DE90A
:10274000F04114460746D0F85880581E4FF6FF72E5
:102750001D4690420E4607D34CF2BC70C0F60000F6
:1027600040F2CB1104F024FB97F83400012832D05A
:10277000012087F8340097F83500012828D102207D
:1027800087F83500002078653868B9683A6CFB6DC9
:102790000768402927F4802731460760456004BF59
:1027A0002146344681603F219940C460C8F8081032
:1027B000016841F0160101601AB1016841F0080199
:1027C0000160016841F0010101600020BDE8F08175
:1027D000002087F834000220BDE8F081B0B504463F
:1027E00000F09BF9054640F2CC00C1F200000078F1
:1027F000611C18BF044400BF00F08FF9401BA042C9
:10280000FAD3B0BD2DE9F04F85B0044600F13E404B
:1028100000F1FF70A20542EA9027092F0D460391AF
:1028200007D34CF24870C0F60000AC2104F0C0FAA7
:10283000039D28680021B1EB104F01D180B238B957
:102840004CF24870C0F60000AD2104F0B1FA039DCF
:102850006868B0F5881F80F20081122800F21781A5
:10286000012101FA00F00F21C0F20601084200F038
:102870000E8105F11000029041F60040C4F2020002
:102880000821844208BF07214FF0030E4FF00008D3
:102890004FF0000B4FF0000A072F38BF3946019167
:1028A0002868012101FA0AF910EA090700F0C88036
:1028B000686800F003014A1E012A21D8E86804284C
:1028C0000AD34CF24870C0F60000C02104F070FA40
:1028D000039D4FF0030EE868A1680EFA0BF29143D6
:1028E00000FA0BF00843A0606168686821EA0901FA
:1028F000C0F3001202FA0AF21143616000F0030112
:10290000032916D0A86803280AD34CF24870C0F6F1
:102910000000D12104F04CFA039D4FF0030EA8688B
:10292000E1680EFA0BF2914300FA0BF00843E06005
:10293000686800F0030102292BD102980068102872
:1029400006D281B24BF6FF7222FA01F1C9070BD110
:102950004CF24870C0F60000DE2104F029FADDE9EF
:1029600002054FF0030E02E04DA101EB80006FF075
:10297000030101EA5A01214400680A6A08F01C03B5
:102980000F269E40B243984010430862686800F0EA
:10299000030122680EFA0BF39A4301FA0BF111437B
:1029A00010F4403F21604BD0002043F644010490D6
:1029B000C4F202010868A44640F480400860086838
:1029C00043F6004400F48040049004982AF0030089
:1029D000C4F201044FF608462044CFF6FF76815931
:1029E00008F00C020F2393409943019B03FA02F273
:1029F00011438151A068696840EA070243F60C461A
:102A0000CB0258BF20EA0702A260C4F20106306878
:102A10008B0240EA070258BF20EA07023260606872
:102A20008B0340EA070258BF20EA07026260206871
:102A3000C90340EA070258BF20EA07022260644641
:102A40000AF1010A0BF1020BBAF1100F08F10408A8
:102A50007FF426AF05B0BDE8F08FB0F5081F0CDAA3
:102A6000B0F5881F3FF405AFB0F5901F3FF401AFFC
:102A7000B0F5041F3FF4FDAE09E03FF4FAAEB0F547
:102A8000441F3FF4F6AEB0F5481F3FF4F2AE4CF2EF
:102A90004870C0F60000AE2104F08AF9039DE8E614
:102AA0000000000001000000020000000300000020
:102AB0000400000005000000060000000700000000
:102AC00008000000090000000A0000000B000000E0
:102AD0000C0000000D000000000000000F000000CE
:102AE00070B516460C46054639B94CF24870C0F62A
:102AF000000040F29D1104F05BF9022E03D2002E7B
:102B000008BF240407E04CF24870C0F600004FF400
:102B1000CF7104F04DF9AC6170BD40F27460C1F248
:102B2000000000687047002800F0B680F0B581B062
:102B30000446006845F20041C4F20001884213D007
:102B400045F60001C4F2000188420DD045F600416F
:102B5000C4F20001884207D04CF62F00C0F60000F6
:102B600040F2C91104F024F9606841F6802101386F
:102B7000C0F20601884207D34CF62F00C0F60000D1
:102B80004FF4E57104F014F9A06840F48040B0F50A
:102B9000804F07D04CF62F00C0F6000040F2CB115A
:102BA00004F006F9E068B0F5806F07D34CF62F000B
:102BB000C0F600004FF4E67104F0FAF8206940F422
:102BC0000040B0F5404F07D04CF62F00C0F6000093
:102BD00040F2CD1104F0ECF86069022807D34CF6FE
:102BE0002F00C0F600004FF4E77104F0E1F8A0698F
:102BF0006FF0FE01084207D04CF62F00C0F600002F
:102C000040F2CF1104F0D4F8E06940F040004028D1
:102C100007D04CF62F00C0F600004FF4E87104F026
:102C2000C7F8206A40F08000802807D04CF62F00BB
:102C3000C0F6000040F2D11104F0BAF894F83D005B
:102C400028B9002084F83C00204600F09DFC242098
:102C500084F83D002068016821F0010101600168ED
:102C600041F400410160016821F40041016000F07D
:102C7000ACFE636848F2A16CC0F2010C40F6001192
:102C8000C0F23D0163453CBF48F28041C0F21E01E5
:102C9000884203D2012079E0012070474DF683611C
:102CA000C4F21B31A0FB01122168970CD1F804E09B
:102CB0004FF496762EF03F0545EA92454D607743F6
:102CC00048F638160D6AC0F24106A7FB067625F0D5
:102CD0003F07634538BF960C721C3A430A62CA69C3
:102CE00048F2A0664CF6FF77C0F20106B34222EA32
:102CF00007020AD801385B00B0FBF3F001306FF334
:102D00001F30042898BF042019E0A768013857B184
:102D100019277B43B0FBF3F001306FF31F3068B12C
:102D200000F5804007E003EB4303B0FBF3F0013014
:102D30006FF31F3010B100F5004000E00120104398
:102D4000C8610868D4E9072320F0C0001043184385
:102D50000860886848F2FF3204F10C0790438CCF7A
:102D600018431043A6698860C86820F0FF00384304
:102D70003043C860086840F001000860002020214E
:102D8000206484F83D10206384F83E0001B0F0BD5B
:102D90002DE9F04782B01E4615460F460446FFF760
:102DA000BCFE94F83D10202912D140F20209C0F275
:102DB0000109824609F57021204601221923CDF828
:102DC00000A002F013FF18B994F83C00012803D1C9
:102DD000022002B0BDE8F0870121206884F83C1091
:102DE0000168C90703D1016841F001010160016870
:102DF000DDF8288021F400610160222184F83D1073
:102E0000102184F83E100021216465626685618D81
:102E10002185A9F10211E162E16A026811F5803FA2
:102E200042F48062026018BF01293FD1016841F479
:102E30008071016020464FF0011100224346CDF819
:102E400000A002F0D3FE40B120680068C00544BF76
:102E50004FF4007020640120BBE72069B0F5804F7B
:102E60002AD147F00100C0B22168424608612046DD
:102E70004946534602F012FF0028ECD1208D00286D
:102E80004FD002285AD0012861D121680A6822F463
:102E900080620A60002201924A6901928A69019265
:102EA000019A0A6842F400720A605CE00829BDD009
:102EB000216B1129BAD0BDE7062000EAD71520689A
:102EC00005F1F001016109F1060120464246534631
:102ED00002F0E4FE0028BED12068F9B2016120466C
:102EE00049464246534602F0D9FE0028B3D100209D
:102EF0000190206800224169434601918169019156
:102F00000199016841F48071016020464FF0011180
:102F1000CDF800A002F06AFE002895D145F0F1003E
:102F2000A2E7002001902068416901918169019127
:102F30000199016841F40071016096E021680A6816
:102F400022F480620A600A6842F4006203E02168A9
:102F50000A6842F480620A60002201924A69019282
:102F600089690191019980B203280FD8022830D0D5
:102F7000012831D120464146524602F0D1FE0028B8
:102F80007FF469AF2068616A006920E0204641460D
:102F9000524602F0C5FE00287FF45DAF2068616AEA
:102FA00000690870606A2268411C208D61620138E6
:102FB0002085638D013B638553695B0752D580B2E1
:102FC000032803D1106820F4806010601069087035
:102FD0003FE009F102011EE009F102052046294601
:102FE00000224346CDF800A002F000FE00287FF446
:102FF00032AF2068616A026822F480620260006970
:103000000870606A218D01306062481E2085608DE5
:10301000294601386085204600224346CDF800A0AD
:1030200002F0E4FD00287FF416AF2068616A0268B0
:1030300042F40072026000690870606A2268411CF4
:103040006162218D01392185618D013961851169A7
:103050004170606A218D01306062481E2085618D5B
:103060000139618501047FF47EAF202084F83D00A2
:10307000002084F83E0084F83C00AAE62DE9F047E1
:1030800082B01E4617468A460446FFF746FD94F86E
:103090003D10202911D140F20209C0F20109054674
:1030A00009F57021204601221923009502F09EFDAA
:1030B00018B994F83C00012803D1022002B0BDE801
:1030C000F0870121206884F83C100168C90703D10A
:1030D000016841F0010101600168DDF8288021F4F8
:1030E00000610160212184F83D10102184F83E1018
:1030F0000021216467626685618D2185A9F1021135
:10310000E162E16A11F5803F18BF01291AD1016817
:1031100041F48071016020464FF0011100224346C6
:10312000009502F063FD38B120680068C00544BF17
:103130004FF40070206425E02069B0F5804F07D17E
:10314000FE2014E00829E2D0216B1229DFD0E2E74B
:10315000062000EADA102168F030086109F1060162
:10316000204642462B4602F099FD58B9FF202168BF
:1031700000EA0A0008612046494642462B4602F012
:103180008DFD08B1012099E7002001902068416978
:103190000191806901900198208D80B320464146BD
:1031A0002A4602F0F7FD08BB606A2168024612F861
:1031B000013B0B616262628D013A6285228D531E72
:1031C00023854F697F070AD51B0408D04378023056
:1031D0000B616062608D01386085901E20852046FD
:1031E00041462A4602F0CCFC0028D5D0206C0428A9
:1031F000C8D12068016841F400710160C2E720680D
:10320000016841F400710160202084F83D00002035
:1032100084F83E0084F83C0050E700002DE9F043BC
:1032200083B01F4616460D460446FFF776FC012F75
:10323000814609D0102F07D04CF62F00C0F60000B1
:1032400040F6482103F0B4FD94F83D0020280ED14B
:103250000221C0F21001204601221923CDF800906E
:1032600002F0C4FC18B994F83C00012803D10220F4
:1032700003B0BDE8F0830121226884F83C10136894
:10328000DDE90B080A99DB0703D1136843F001035A
:103290001360136823F400631360222284F83D2036
:1032A000402284F83E200022226461626085608DA5
:1032B000294620850020CFF6FF70E0622046324686
:1032C0003B46CDE9008902F07EFB08B10120CFE743
:1032D000208DA0B102281FD0012829D121680A68B9
:1032E00022F480620A60002202924A6902928A698C
:1032F0000292029A0A6842F400720A6020E00020FA
:1033000002902068416902918169029102990168E5
:1033100041F40071016092E021680A6822F4806241
:103320000A600A6842F400620A600022029202E027
:103330000021029121684A690292896902910299E9
:103340000427C0F2010700BF80B203280ED802286C
:103350004AD001282CD1204641464A4602F0E0FCE2
:103360000028B3D12068616A00691FE02046414609
:103370004A4602F0D5FC0028A8D12068616A00699D
:103380000870606A2268411C208D616201382085C6
:10339000638D013B638553695B074DD580B203287C
:1033A00003D1106820F480601060106908703AE062
:1033B0002046394600224346CDF8009002F016FC24
:1033C00000287FF483AF2068616A026822F480627B
:1033D000026000690870606A218D01306062481ED9
:1033E0002085608D0138608520463946002243469D
:1033F000CDF8009002F0FAFB00287FF467AF206858
:10340000616A026842F40072026000690870606AD2
:103410002268411C6162218D01392185618D01394C
:10342000618511694170606A218D01306062481EBA
:103430002085618D0139618501047FF485AF2020ED
:1034400084F83D00002084F83E0084F83C000FE73B
:103450002DE9F04383B01F4691460E460446FFF720
:103460005CFB012F054609D0102F07D04CF62F002A
:10347000C0F6000040F6CD1103F09AFC94F83D0030
:1034800020280DD10221C0F210012046012219236B
:10349000009502F0ABFB18B994F83C00012803D169
:1034A000022003B0BDE8F0830121226884F83C10BB
:1034B0001368DDE90B080A99DB0703D1136843F0B1
:1034C00001031360136823F400631360212284F85E
:1034D0003D20402284F83E20002222646162608503
:1034E000608D314620850020CFF6FF70E0622046D7
:1034F0004A463B46CDE9008502F0E6FA08B10120D4
:10350000CFE7208D18B300BF204641462A4602F07F
:1035100041FC10BB616A2268084610F8013B136148
:10352000238D6062581E2085678D013F678557692E
:103530007F070AD5070408D048781061881C6062AC
:10354000981E2085618D013961850004DCD12046FB
:1035500041462A4602F014FB40B1206C0428CED12B
:103560002068016841F400710160C8E720680168C3
:1035700041F400710160202084F83D00002084F8AF
:103580003E0084F83C008CE7016845F20040C4F23C
:103590000000814218BF7047B0B586B0002543F6E1
:1035A00030040195C4F20204216800F5D83041F0DE
:1035B00002012160216801F00201019101994FF49B
:1035C0004071019112210291012103910321049183
:1035D0000421059101A9FFF715F90095206940F430
:1035E00000102061206900F400100090009806B0DF
:1035F000BDE8B040704740F2CC0040F27461C1F2C7
:103600000000C1F2000100780A68104408607047A9
:1036100080B543F60040C4F20200016841F4007135
:103620000160016841F480610160016841F48071CA
:103630000160032000F0A3F80F2000F004F800F070
:103640002AF8002080BDB0B540F2CC02C1F20002E1
:1036500040F200011278C1F200014FF47A73096858
:10366000B3FBF2F20446B1FBF2F1084600F011FFA1
:103670000F2C4FF001050CD858B94FF0FF30214600
:103680000022002500F03BF840F2D000C1F200001B
:1036900004602846B0BD82B0002043F6400101908E
:1036A000C4F202014A6842F480424A604A6802F465
:1036B00080420192019A0090086840F080500860B2
:1036C000086800F080500090009802B07047B0F198
:1036D000FF3F0DDD00F01F01012202FA01F11C2263
:1036E00002EAD0004EF20012CEF200028150704782
:1036F0004CF2F470C0F60000BC2103F059BB70B569
:1037000015460E46102A044606D34CF2F470C0F655
:103710000000A82103F04CFB102E06D34CF2F470ED
:10372000C0F60000A92103F043FB4EF60C50CEF288
:10373000000001684FF0FF33C1F3022181F007025E
:10374000042A28BF0422033903FA02F238BF0021F9
:1037500026EA02028A4003FA01F125EA0101114337
:1037600004F00F02043A104404F16042090102F52A
:103770006442002C48BF00F10C02117070BD10B5FE
:1037800004460338052806D34CF2F470C0F6000056
:10379000902103F00DFB4EF60C50CEF200000168B4
:1037A0004FF6FF02114064F30A2141F0806141F0BD
:1037B000FD71016010BD0000002800F0B7802DE908
:1037C000F041044600680D4601380F2807D34CF23B
:1037D0001070C0F6000040F25A2103F0E9FA082DFB
:1037E00007D34CF21070C0F6000040F25B2103F0EA
:1037F000DFFA43F60008C4F20208D8F8000400F02B
:103800000700A84208D288F80054D8F8000400F055
:103810000700A84240F09F80206881071FD541071C
:1038200005D5D8F8081041F4E051C8F80810000791
:1038300005D5D8F8080040F46040C8F80800A06832
:103840006FF0070101EB3011082980F0AF80D8F844
:10385000081021F0F0010843C8F808002068C007EC
:1038600066D1D8F8000400F00700A84207D988F80C
:103870000054D8F8000400F00700A8426BD120687B
:1038800041071AD5E0686FF0030101EBB02104296C
:103890000BD34FEAB02141B14CF21070C0F60000DA
:1038A00040F2C32103F084FAE068D8F8081021F44C
:1038B000E0510843C8F80800206800071AD52069BD
:1038C0006FF0030101EBB02104290BD34FEAB021C3
:1038D00041B14CF21070C0F6000040F2CA2103F072
:1038E00067FA2069D8F8081021F4604141EAC00065
:1038F000C8F8080000F08FF8D8F8081048F68C22B5
:10390000C1F30311C0F60002515C40F2000220FA3C
:1039100001F140F2D000C1F200000068C1F20002E3
:103920001160FFF790FE0020BDE8F0810120704794
:103930006068042808D34CF21070C0F6000040F212
:10394000852103F035FA6068811E022906D2D8F875
:103950000010890108D40120BDE8F081012820D1A0
:10396000D8F800108903F6D5D8F8081021F0030123
:103970000843C8F80800FFF7D0F8064641F2883738
:10398000D8F80800616800F00C00B0EB810F3FF43C
:1039900068AFFFF7C2F8801BB842F1D90320BDE839
:1039A000F081D8F800108907D5D5DDE74FEA30114E
:1039B00000293FF44CAF4CF21070C0F6000040F20A
:1039C0007E2103F0F5F9A06841E740F2000043F6DC
:1039D0000801C1F20000C4F202010068096848F65B
:1039E0009C22C1F38221C0F60002515CC84070479E
:1039F00040F2000043F60801C1F20000C4F20201E7
:103A00000068096848F69C22C1F34231C0F6000202
:103A1000515CC840704710B543F60404C4F2020478
:103A2000606800F00C0142F200400829C0F2F40086
:103A300007D0042918BF10BD41F20020C0F27A005F
:103A400010BD216801F03F02216823684902C3F3D9
:103A5000881105D4A1FB00010023FCF772FC06E0ED
:103A600041F20020C0F27A004843B0FBF2F0216836
:103A70000222C1F3014102EB4101B0FBF1F010BDA4
:103A8000002800F0AA802DE9F04182B004460068C9
:103A9000102807D34CF21070C0F60000E62103F0A6
:103AA00087F9206843F60006C007C4F202061BD05F
:103AB000606860B1B0F5803F09D0B0F5A02F06D0A6
:103AC0004CF21070C0F60000EB2103F071F9B06801
:103AD00000F00C00042840F0DC803068800303D53F
:103AE0006068002800F0EF802078800731D5E0681A
:103AF000022807D34CF21070C0F6000040F21D11EE
:103B000003F056F92069202807D34CF21070C0F654
:103B100000004FF48F7103F04BF9B06810F00C0FF8
:103B200009D0B06800F00C00082840F0CE80706822
:103B3000400200F1CA803068800703D5E0680128A0
:103B400040F0C1803068216920F0F80040EAC100EF
:103B500030602078000742D42078400761D4A06903
:103B6000032808D34CF21070C0F6000040F2CD11CB
:103B700003F01EF9A06970B3B16801F00C010829C7
:103B800040F0DA80012800F09E807068E16900F45E
:103B900080028A4240F09780216A00F03F028A4208
:103BA00040F0918047F6C071626A0140B1EB821F1C
:103BB00040F08980A16A4FF6FF73C903994300F46E
:103BC0004032A1F580318A427DD1E16A00F0706017
:103BD000B0EB016F77D1002048E1012070476069A8
:103BE000022808D34CF21070C0F600004FF4AF71F9
:103BF00003F0DEF86069002840F20000C4F24720BC
:103C000000F089800121C0F8801EFEF786FF05467E
:103C1000706F8007A0D4FEF780FF401B0228F7D901
:103C200023E1A068052805D8012101FA00F010F071
:103C3000230F07D14CF21070C0F600004FF4C5718D
:103C400003F0B6F8306C5FEAC0080AD40020019097
:103C5000306C40F080503064306C00F08050019047
:103C6000019847F20007C4F200073868C00543D442
:103C7000386840F480703860FEF74FFF054600BF9B
:103C80003868C00538D4FEF748FF401B0228F7D932
:103C9000EBE0B06800F00C00082803D17068400227
:103CA0003FF51BAF6068B0F5803F07D0B0F5A02F9F
:103CB00040F0C580306840F480203060306840F4C7
:103CC00080303060C5E00120D0E0E068002800F0DE
:103CD00088800020C4F2472001210160FEF71DFF0B
:103CE000054600BF306880073FF52CAFFEF715FF93
:103CF000401B0228F6D9B8E0A068012806D00528A4
:103D000040F08480306F40F004003067306F40F046
:103D10000100306784E00021C0F8801EFEF7FDFE40
:103D2000054600BF706F80077FF516AFFEF7F5FE02
:103D3000401B0228F6D998E0022840F09A80E069FA
:103D400040F48000B0F5800F07D04CF21070C0F640
:103D500000004FF4EB7103F02BF8206A02383E2884
:103D600007D34CF21070C0F6000040F2D71103F0F8
:103D70001FF8606A3238B0F5BF7F07D94CF2107077
:103D8000C0F600004FF4EC7103F012F8A06A0828A6
:103D900000F2D080012101FA00F010F4AA7F00F0B7
:103DA000C980E06A02380E2807D34CF21070C0F6C2
:103DB00000004FF4ED7102F0FBFF0027C4F247272B
:103DC00000203866FEF7A9FE054600BF3068800176
:103DD00064D5FEF7A2FE401B02284FF00300F5D980
:103DE00044E00020C4F2472000210160FEF795FE68
:103DF000054600BF306880077FF5ABAEFEF78DFE4D
:103E0000401B02284FF00300F4D92FE0316F002847
:103E100021F001013167316F21F0040131675FD07A
:103E2000FEF77BFE054641F2883700BF306F800702
:103E300067D4FEF772FE401BB842F7D915E031682F
:103E4000002821F480313160316821F48021316013
:103E500060D0FEF762FE0546306880033FF544AE51
:103E6000FEF75BFE401B6428F6D9032002B0BDE8D4
:103E7000F0810020C4F2472000210166FEF74DFECC
:103E8000044600BF306880017FF5A5AEFEF745FE11
:103E9000001B02284FF00300F4D9E7E704F11C05EA
:103EA0002FCD084340EA8210D9034FF6FF729143A9
:103EB000A1F5803140EA0560084370600120386652
:103EC000FEF72BFE044600BF306880013FF583AE4D
:103ED000FEF723FE001B02284FF00300F4D9C5E7CC
:103EE000FEF71BFE054641F2883700BF306F8007A2
:103EF00007D5FEF712FE401BB8424FF00300F5D97C
:103F0000B4E7B8F1000F3FF52AAE306C20F08050D6
:103F1000306424E6FEF701FE054600BF30688003EA
:103F20007FF5E2ADFEF7F9FD401B64284FF003007A
:103F3000F4D99BE74CF21070C0F6000040F2D911A2
:103F400002F036FF2DE7704790F85100704770B5CA
:103F5000002800F091800446006843F60001C4F296
:103F60000001884213D043F60041C4F200018842A8
:103F70000DD043F20001C4F20101884207D04CF693
:103F80006700C0F600004FF4A07102F011FF6068F6
:103F900050B1B0F5827F07D04CF66700C0F6000044
:103FA00040F2411102F004FFA06868B1B0F5806FE3
:103FB0000AD0B0F5004F07D04CF66700C0F60000FD
:103FC0004FF4A17102F0F4FEE06840F40060B0F537
:103FD000006F07D04CF66700C0F6000040F24311B6
:103FE00002F0E6FEA06968B1B0F5007F0AD0B0F536
:103FF000802F07D04CF66700C0F600004FF4A27186
:1040000002F0D6FEE0694FEAF000082807D34CF62C
:104010006700C0F6000040F2451102F0C9FE206AB8
:1040200040F08000802807D04CF66700C0F6000002
:104030004FF4A37102F0BCFE606A40F01001102939
:1040400008D04CF66700C0F6000040F2471102F0BD
:10405000AFFE606A90B1E0694FEAF000082807D32C
:104060004CF66700C0F6000040F2591102F0A0FEC5
:104070000020C4E904002DE001266FE0206940F033
:104080000200022807D04CF66700C0F600004FF48B
:10409000A57102F08DFE6069022807D34CF6670017
:1040A000C0F6000040F24B1102F082FE6068B0F5ED
:1040B000827F0DD1E0694FEAF00008280AD34CF660
:1040C0006700C0F6000040F24F1102F071FE01E0FF
:1040D0000020E0610026A66294F8510020B9204635
:1040E00084F8506000F03CF8022084F8510094E815
:1040F0000F0001F48271056802F4044225F04005C6
:104100000560114403F400622369114403F00202C4
:104110006369114403F00102A369E569114403F4E2
:104120000072114405F03802256A114405F080023E
:10413000A56A114305F4005211430160626A04212B
:1041400001EA134102F0100211444160C16921F4F7
:104150000061C1610120666584F85100304670BD80
:1041600070B586B00446016843F20000C4F2010055
:10417000814243D1002643F630010196C4F2020188
:104180004A6900F5544042F480524A614A6902F497
:1041900080520192019A01960A6842F002020A6076
:1041A000096801F002010191019928210191022180
:1041B000CDE90216032104910521059101A9FEF71D
:1041C00021FB40F2502546F25840C1F20005C4F2EE
:1041D00002004FF0C06140224FF4806385E8470041
:1041E00005F1140014212B61FCF772FA2846FEF742
:1041F000E5F808B1FDF796FBA564AC6306B070BDA9
:104200002DE9F04182B0044680681D4640F400402C
:104210001646B0F5004F0F4607D04CF66700C0F6C3
:1042200000004FF4427102F0C3FD94F850000128E1
:1042300001D10220A9E0012084F85000FEF76DFCB6
:1042400094F8511001295BD18046002F4FF00100F6
:1042500000F09880002E00F095800320002184F863
:10426000510061652763A686E686A163A187E18781
:10427000A0682164B0F5004F2068616407D101682F
:1042800021F040010160016841F480410160016852
:10429000490603D4016841F0400101606168731E62
:1042A000E268B1FA81F1B3FA83F349095B09B2F527
:1042B000006F41EA030125D131B137F8021BC1601B
:1042C0002763E08E0138E086E08E00283ED06E1C29
:1042D00020688168890707D4FEF71FFC66B1A0EB50
:1042E0000800A84208D349E0216B31F8022BC260D4
:1042F0002163E08E0138E086E08E0028E8D125E0D9
:1043000002203FE039B139780173206B013020631E
:10431000E08E0138E086E08EC0B16E1C20688168B6
:10432000890707D4FEF7F9FB6EB1A0EB0800A8429D
:1043300009D323E0216B09780173206B01302063DE
:10434000E08E0138E086E08E0028E7D1204629463D
:10435000424602F097F808B120206065A06838B99D
:10436000002001902068C168019180680190019847
:10437000606D08B1012005E0002000E0032001216C
:1043800084F85110002184F8501002B0BDE8F0818B
:10439000F0B581B00446806C16460D4638B94CF62F
:1043A0006700C0F6000040F2856102F001FDA068E0
:1043B00040F40040B0F5004F07D04CF66700C0F65F
:1043C00000004FF4D16102F0F3FC94F85000012892
:1043D00001D1022059E0012084F8500094F85100E6
:1043E00001283BD1002D4FF001004BD0002E49D0C9
:1043F00003200021274684F8510047F8541F256305
:10440000A686E686A163C4E91011A187E187A068AA
:104410002268B0F5004F07D1106820F0400010600E
:10442000106840F480401060A06C46F20B4346F2E6
:104430001146C0F60003C0F60006C0E90F6346F25D
:10444000ED33C0F60003C0E91331E38E0C32294688
:10445000FEF775F920B10120102110E0022011E0D3
:1044600027683868400603D4386840F04000386058
:1044700057F8040F022140F02000386000203A680D
:1044800011433960002184F8501001B0F0BD70472D
:104490007047411E0020B0EB116F1CBF0120704718
:1044A0004EF21002CEF2000251604EF62351CEF2CF
:1044B0000001F0230B700721906011607047F0B588
:1044C00081B00746006840F2004240F48060C4F2C8
:1044D000010290420D4607D04CF6D700C0F600000E
:1044E00040F2E67102F064FC286840F40060B0F528
:1044F000006F07D04CF6D700C0F6000040F2E7711D
:1045000002F056FC686840F48060B0F5806F07D018
:104510004CF6D700C0F600004FF4FD6102F048FCF5
:10452000A8684FEA3020042807D34CF6D700C0F61D
:10453000000040F2E97102F03BFCE868B0F5807FD2
:1045400007D34CF6D700C0F6000040F2EA7102F043
:104550002FFC286940F48050B0F5805F07D04CF6FE
:10456000D700C0F6000040F2EB7102F021FC686950
:1045700040F40050B0F5005F07D04CF6D700C0F60D
:10458000000040F2EC7102F013FCE86940F4804056
:10459000B0F5804F07D04CF6D700C0F6000040F2CF
:1045A000ED7102F005FC97F83C00012801D10220D2
:1045B00019E095E85F0023F47C5322F470521A430B
:1045C00021F4F041114320F4E040084324F4C041B9
:1045D00008433043E96920F480403A680843506456
:1045E000002087F83C0001B0F0BDB0B5044600687B
:1045F00040F6FF72C4F2000290420D460BDC40F21E
:10460000FF71C4F20001884214DCB0F1804F2FD05A
:1046100040F2004116E04FF6FF71C4F200018842FB
:1046200013DC41F20001C4F20001884220D041F2C3
:10463000004107E040F60001C4F20001884217D0B3
:1046400040F60041C4F2000108E00021C4F201017B
:1046500088420DD040F20041C4F20101884207D0E7
:104660004CF6D700C0F6000040F2A97102F0A0FBA2
:1046700028684FEA3010082807D34CF6D700C0F658
:10468000000040F2AA7102F093FB686840F08000DD
:10469000802807D04CF6D700C0F6000040F2AB717E
:1046A00002F086FB94F83C0001284FF0020008BF9E
:1046B000B0BD84F83D002068426881682B6822F014
:1046C00070021A4341F2FF73C4F200039842426041
:1046D0000BDC40F2FF72C4F20002904213DCB0F136
:1046E000804F27D040F2004215E040F2FF32C4F282
:1046F0000102904212DC41F60002C4F20002904234
:1047000018D0002212E040F60002C4F200029042EB
:1047100010D040F60042C4F2000209E044F2000268
:10472000C4F20102904205D040F20042C4F20102FC
:10473000904204D16A6821F0800111438160012018
:1047400084F83D00002084F83C00B0BDE8B1B0B56D
:104750000446006841F6FF31C4F20001884216DCCD
:1047600040F6FF31C4F20001884225DD41F2FF31FD
:10477000C4F20001884239DC40F60041C4F2000175
:1047800088424AD041F2000138E00120704740F2EF
:10479000FF31C4F2010188421ADD44F2FF31C4F254
:1047A000010188422DDC40F20041C4F2010188423F
:1047B00033D044F200012CE0B0F1804F2DD040F214
:1047C0000041C4F20001884227D040F6000115E004
:1047D00041F60041C4F2000188421ED042F20001BD
:1047E000C4F20001884218D0002112E041F20041D9
:1047F000C4F20001884210D041F60001C4F2000169
:1048000009E044F20041C4F20101884205D044F6B7
:104810000001C4F20101884273D1A0684FEA301050
:10482000062865D8012101FA00F010F0570F5FD07B
:10483000206968B1B0F5807F0AD0B0F5007F07D05D
:104840004CF69F00C0F6000040F2151102F0B0FADD
:104850002068B0F1804F05D040F60041C4F200015D
:1048600088423ED1E06838B94CF69F00C0F600009F
:104870004FF48B7102F09CFAA069251D40F0800076
:10488000802807D04CF69F00C0F6000040F21711B8
:1048900002F08EFA94F83D0028B9002084F83C001C
:1048A000204600F037F8022084F83D0020682946B1
:1048B00001F0F2FE012084F8460084F83E0084F8FE
:1048C0003F0084F8400084F8410084F8420084F8F6
:1048D000430084F8440084F8450084F83D0000203B
:1048E000B0BDE0684FF6FF7101388842BCD2C3E723
:1048F0004CF69F00C0F600004FF48A7102F058FA9F
:1049000096E74CF69F00C0F6000040F2131102F04B
:104910004FFA82E700680021C4F20101884218BF03
:10492000704781B00020009043F64400C4F20200BA
:10493000016841F001010160006800F00100009091
:10494000009801B07047B0B5044690F83C000128CB
:104950004FF0020008BFB0BD0D46012184F83C10A5
:1049600084F83D0028684F2808DC1F2811DD202826
:104970001FD030281DD040281BD012E06F280CDD3E
:10498000702816D0B0F5805F13D0B0F5005F10D05E
:1049900007E070B110280CD003E0502809D060283F
:1049A00007D04CF69F00C0F6000041F2C34102F070
:1049B000FFF921684FF677728868904388602A680B
:1049C00001204F2A1DDC1F2A47DD202A49D0302A2A
:1049D00047D0402A40F0DD8241F2FF70C4F200006F
:1049E000814200F3D98040F2FF70C4F2000081429E
:1049F00000F38A81B1F1804F00F0C18140F20040A4
:104A00008AE16F2A40DD702A66D0B2F5005F78D067
:104A1000B2F5805F40F0BD8241F6FF30C4F2000085
:104A200081424FF0000000F3C78040F6FF32C4F22D
:104A30000002914240F3B48241F2FF32C4F200021C
:104A4000914200F3C78240F60042C4F20002914254
:104A500000F09F8241F20002C4E212B1102A40F03D
:104A6000988241F2FF70C4F20000814226DC40F2DD
:104A7000FF70C4F2000081425ADCB1F1804F00F0B7
:104A8000848040F200405BE0502A5CD0602A40F015
:104A9000808241F2FF70C4F20000814200F3A480E2
:104AA00040F2FF70C4F20000814200F33881B1F19E
:104AB000804F00F0A88140F2004038E140F2FF3022
:104AC000C4F20100814253DC41F60000C4F2000050
:104AD00081425AD0002053E041F2FF70C4F200003E
:104AE000814200F3918040F2FF70C4F200008142E5
:104AF00000F32081B1F1804F00F0CA8140F2004004
:104B000021E140F6FF30C4F20000814200F38C80C6
:104B1000B1F1804F00F0A18040F20040C4F20000EB
:104B2000814200F09A8040F60000C4F200008AE062
:104B300040F60000C4F20000814226D040F600405A
:104B4000C4F200001EE041F2FF70C4F20000814296
:104B500000F3BF8040F2FF70C4F20000814200F316
:104B6000F580B1F1804F00F0DC8140F20040F6E0CA
:104B700040F20040C4F20100814206D044F200003D
:104B8000C4F20100814240F0B480886820F07000D7
:104B9000104340F00700FAE140F2FF30C4F2010098
:104BA000814200F3DF8041F60000C4F20000814240
:104BB00000F0E5800020DDE040F2FF32C4F20102A7
:104BC000914240F3F98144F2FF32C4F20102914272
:104BD00000F30B8240F20042C4F20102914200F065
:104BE000D88144F2000208E240F2FF30C4F2010032
:104BF000814200F3FB8041F60000C4F200008142D4
:104C000000F001810020F9E040F2FF30C4F2010021
:104C1000814200F3308141F60000C4F2000081427D
:104C200000F0368100202EE140F60040C4F2000082
:104C3000814212D00020C4F2010081420DD040F226
:104C40000040C4F20100814207D04CF69F00C0F63C
:104C5000000041F2EE4102F0ABF8A8684FEA3030B4
:104C6000042807D34CF69F00C0F6000041F2F14142
:104C700002F09EF868680A2805D80121814040F2B8
:104C8000054211420AD1B0F5004F07D04CF69F0003
:104C9000C0F6000041F2F24102F08AF8E8681028FC
:104CA00008D34CF69F00C0F6000041F2F34102F039
:104CB0007FF8E8682168D5E901238D681A4325F457
:104CC0007F4542EA002028438860886840F480409D
:104CD0005DE140F2FF30C4F20100814200F3148133
:104CE00041F60000C4F20000814200F01A81002069
:104CF00012E14CF69F00C0F6000041F2355102F07F
:104D000057F821682A6840E740F60000C4F2000026
:104D1000814234D040F60040C4F200002CE040F65E
:104D20000000C4F2000081426DD040F60040C4F2A1
:104D3000000065E040F60000C4F20000814200F08F
:104D4000A78040F60040C4F200009EE040F600005C
:104D5000C4F20000814200F0E48040F60040C4F25A
:104D60000000DBE040F20040C4F20100814206D0C6
:104D700044F20000C4F20100814240F04B816868B7
:104D80000A2805D80121814040F2054211420AD18A
:104D9000B0F5004F07D04CF69F00C0F6000041F27E
:104DA000255102F005F8E868102808D34CF69F005A
:104DB000C0F6000041F2265101F0FAFFE8682168D0
:104DC0006A680B6A0D6A23F00A0325F001050D627B
:104DD0008D691A4325F0F00545EA001088610A62E2
:104DE000886840F0470020F03000D0E040F20040FA
:104DF000C4F20100814206D044F20000C4F2010076
:104E0000814240F0108168680A2805D8012181405C
:104E100040F2054211420AD1B0F5004F07D04CF6DE
:104E20009F00C0F6000041F2155101F0C1FFE86893
:104E3000102808D34CF69F00C0F6000041F216512E
:104E400001F0B6FFE86821686A680B6A0D6A23F012
:104E5000A00325F010050D628D6943EA021225F4C6
:104E6000704545EA003088610A62886840F0670052
:104E700020F010008BE040F20040C4F201008142BB
:104E800006D044F20000C4F20100814240F0D48018
:104E9000A8684FEA3030042807D34CF69F00C0F6CC
:104EA000000041F2D94101F083FF68680A2805D863
:104EB0000121814040F2054211420AD1B0F5004F74
:104EC00007D04CF69F00C0F6000041F2DA4101F035
:104ED0006FFFE868102808D34CF69F00C0F600006A
:104EE00041F2DB4101F064FFE8682168D5E9012364
:104EF0008D681A4325F47F4542EA002028438860E4
:104F0000886840F0770042E040F20040C4F20100BF
:104F1000814206D044F20000C4F20100814240F018
:104F2000948068680A2805D80121814040F2054232
:104F300011420AD1B0F5004F07D04CF69F00C0F6E1
:104F4000000041F2055101F033FFE868102808D352
:104F50004CF69F00C0F6000041F2065101F028FF18
:104F6000E86821686A680B6A0D6A23F00A0325F075
:104F700001050D628D691A4325F0F00545EA001020
:104F800088610A62886840F0570020F0200088603D
:104F90000020012184F83D10002184F83C10B0BDB0
:104FA000B1F1804FF5D040F20042C4F200029142CC
:104FB000EFD040F6000215E041F60042C4F20002D4
:104FC0009142E6D042F20002C4F200029142E0D0E7
:104FD000002212E041F20042C4F200029142D8D015
:104FE00041F60002C4F2000209E044F20042C4F2B9
:104FF00001029142CDD044F60002C4F20102914276
:10500000C7D04CF69F00C0F6000041F2CF4101F03E
:10501000CFFEBDE74CF69F00C0F6000041F22251E2
:1050200001F0C6FEABE64CF69F00C0F6000041F270
:10503000125101F0BDFEE6E64CF69F00C0F60000FE
:1050400041F2D64101F0B4FE22E74CF69F00C0F6D3
:10505000000041F2025101F0ABFE62E7016800205E
:10506000C4F20100814218BF704780B586B00021AC
:10507000019143F63001C4F202010A6800F5803064
:1050800042F001020A600968032201F00101019166
:1050900001994FF480710191022102910121039144
:1050A000CDE9042101A9FDF7ADFB06B0BDE88040C4
:1050B0007047000070B516460D460C2A044605D808
:1050C0000120B04041F21111084209D13C2E07D015
:1050D0004CF69F00C0F6000041F2820101F068FE2C
:1050E000286840F01000702807D04CF69F00C0F6EA
:1050F000000041F2830101F05BFEA86840F002006D
:10510000022807D04CF69F00C0F6000041F284014F
:1051100001F04EFE286940F00400042807D04CF648
:105120009F00C0F6000041F2850101F041FE94F8B5
:105130003C00012804BF022070BD4FEAB6010120E7
:10514000032984F83C0000F22381DFE801F0021E0D
:105150003348206841F6FF71C4F20001884253DCF5
:1051600040F6FF31C4F20001884200F3B580B0F18F
:10517000804F00F0DF8040F20041C4F2000188421D
:1051800000F0D88040F60001B4E0206841F2FF71E1
:10519000C4F2000188424DDC40F2FF71C4F200010C
:1051A000884200F3AA80B0F1804F00F0DE8040F228
:1051B0000041AAE0206840F6FF31C4F200018842B5
:1051C00048DCB0F1804F5FD040F20041C4F20001F2
:1051D000884259D040F60001C4F2000149E020683D
:1051E00040F6FF31C4F20001884254DCB0F1804F38
:1051F0006BD040F20041C4F20001884265D040F615
:105200000001C4F2000155E043F6FF71C4F2010150
:1052100088427DDC42F20001C4F20001884200F0C5
:1052200089800021C4F20101884200F0838040F2AD
:1052300000417BE040F2FF31C4F20101884200F3FB
:10524000888041F60001C4F20001884200F08D80A0
:10525000002186E040F60041C4F20001884213D0EC
:105260000021C4F2010188420ED040F20041C4F294
:105270000101884208D04CF69F00C0F6000041F2C0
:10528000B10101F095FD2068294601F0DFFB20689F
:1052900050F81C1F54E040F60041C4F2000188425F
:1052A00013D00021C4F2010188420ED040F2004127
:1052B000C4F20101884208D04CF69F00C0F60000FD
:1052C00041F2C20101F074FD2068294601F023FC7F
:1052D000206850F81C1F4EE040F60041C4F2000167
:1052E000884227D041F60001C4F20001884221D053
:1052F00041F60041C4F200011AE040F60001C4F298
:105300000001884231D040F60041C4F200012AE099
:1053100044F20001C4F2010188420BD044F2004182
:10532000C4F20101884205D044F60001C4F2010133
:1053300088423BD1294601F0C1FA206850F8181F75
:1053400041F008010160016821F004010160296950
:105350001AE040F20041C4F20101884205D044F253
:105360000001C4F20101884216D1294601F009FB6F
:10537000206850F8181F41F400610160016821F4B1
:1053800080610160296909020268114301600020FF
:10539000002184F83C1070BD4CF69F00C0F6000060
:1053A0004FF4855101F004FD2068DEE74CF69F00C4
:1053B000C0F6000041F28F0101F0FAFC2068B9E765
:1053C000E8B1B0B50446006841F6FF31C4F200010F
:1053D000884216DC40F6FF31C4F20001884225DD28
:1053E00041F2FF31C4F20001884239DC40F600414D
:1053F000C4F2000188424AD041F2000138E00120A5
:10540000704740F2FF31C4F2010188421ADD44F2D4
:10541000FF31C4F2010188422DDC40F20041C4F2A8
:105420000101884233D044F200012CE0B0F1804FFA
:105430002DD040F20041C4F20001884227D040F64E
:10544000000115E041F60041C4F2000188421ED07F
:1054500042F20001C4F20001884218D0002112E09B
:1054600041F20041C4F20001884210D041F600012F
:10547000C4F2000109E044F20041C4F20101884293
:1054800005D044F60001C4F20101884273D1A0683E
:105490004FEA3010062865D8012101FA00F010F01B
:1054A000570F5FD0206968B1B0F5807F0AD0B0F5A2
:1054B000007F07D04CF69F00C0F6000040F22E514E
:1054C00001F076FC2068B0F1804F05D040F6004135
:1054D000C4F2000188423ED1E06838B94CF69F0022
:1054E000C0F6000040F22F5101F062FCA069251DBA
:1054F00040F08000802807D04CF69F00C0F60000E6
:105500004FF4A66101F054FC94F83D0028B9002046
:1055100084F83C00204600F037F8022084F83D0073
:105520002068294601F0B8F8012084F8460084F884
:105530003E0084F83F0084F8400084F8410084F87D
:10554000420084F8430084F8440084F8450084F85D
:105550003D000020B0BDE0684FF6FF710138884281
:10556000BCD2C3E74CF69F00C0F6000040F22D51BC
:1055700001F01EFC96E74CF69F00C0F6000040F2DA
:105580002C5101F015FC82E77047B0B50446006865
:1055900040F6FF32C4F2000290420D460DDCB0F13D
:1055A000804F1BD040F20041C4F20001884215D068
:1055B00040F60001C4F200010EE040F60041C4F2E2
:1055C000000188420AD040F20041C4F20101884241
:1055D00004D00021C4F2010188420FD14FEAB50185
:1055E000042917D2002D52D0082D04D0042D3FD00D
:1055F00004F141003EE004F140003BE06FF00401A3
:105600000D4207D141F60001C4F2000101F59431C9
:105610008842E7D041F6000CC4F2000CA0EB0C016C
:105620005DB9A1F59633A1F59832B3FA83F3B2FAD6
:1056300082F25B0952091A4329D1604515D05DB940
:10564000A1F58060A1F50061B0FA80F0B1FA81F1B6
:105650004009490908431AD14CF69F00C0F60000E2
:1056600040F2B35101F0A4FBBCE785B1042DE6D1B3
:1056700004F13F000078012811D10220082D10D03C
:10568000042D14BF84F8410084F83F000BE094F827
:105690003E00012803D1022084F83E0003E00120EF
:1056A000B0BD84F8400020682946012201F08AF844
:1056B000206841F2FF71C4F2000188420BDC40F225
:1056C000FF71C4F20001884213DCB0F1804F35D085
:1056D00040F2004115E040F2FF31C4F2010188427E
:1056E00014DC41F60001C4F20001884226D00021FA
:1056F00014E040F60001C4F2000188421ED040F6DA
:105700000041C4F20001884218D01CE044F20001BC
:10571000C4F20101884211D040F20041C4F20101FB
:10572000884210D1416C40F2004340F48062C4F2E0
:10573000010341F400419A42416404D1816801F0BF
:105740000701062903D0016841F001010160002032
:10575000B0BDA8B110B581690446006891B140F6AA
:10576000FF72C4F20102904225DC44F20042C4F20E
:105770000002904234D044F60002C4F2000224E059
:105780000120704744F6FF71C4F2000188424FF4D3
:10579000BC7132DC44F20042C4F2000290423ED0BE
:1057A00044F60002C4F20002904238D044F60042AF
:1057B000C4F2000231E041F20002C4F20102904260
:1057C0000ED041F20042C4F20102904208D04CF6E1
:1057D0001210C0F6000040F2731101F0E9FAA1695D
:1057E0004FEA312004281AD34FF4BA714CF6121044
:1057F000C0F6000001F0DCFA11E045F20002C4F24C
:10580000000290420BD041F20002C4F20102904229
:1058100005D041F20042C4F201029042E6D1A068F4
:1058200040F48050B0F5805F07D04CF61210C0F6FF
:1058300000004FF4BD7101F0BBFAE06940F4004094
:10584000B0F5004F07D04CF61210C0F6000040F241
:105850007B1101F0ADFA94F8410028B9002084F8DA
:105860004000204600F021F8242084F84100206800
:10587000C16821F40051C160204601F0AFF92068F1
:10588000016921F490410161416921F02A014161DE
:10589000C16841F40051C16000202021606484F897
:1058A000411084F84210606310BD016841F20000AD
:1058B000C4F20100814218BF704780B586B0002154
:1058C00043F630020191C4F20202536900F57040C0
:1058D00043F010035361536903F010030193019BDC
:1058E0000191136843F001031360126802F0010292
:1058F0000192019A4FF4C06201920222CDE9022185
:10590000032104910721059101A9FCF77BFF06B053
:10591000BDE88040704700002DE9F041044690F852
:10592000410020281CBF0220BDE8F0810D4600295F
:105930004FF001003DD01746DAB30020606421200B
:10594000984684F84100FDF7E8F8A784E784A16849
:105950000746B1F5805F01D1206910B12E460025C0
:1059600000E00026E08CC0B1204680213A46434644
:1059700001F0DEF9F8B92EB116F8010B2168486084
:1059800007E000BF35F8020B21686FF35F20486025
:105990000026E08C0138E084E4E7204640213A46C6
:1059A000434601F0C5F9202184F84110002818BFB2
:1059B0000320BDE8F081202084F841000320BDE8E9
:1059C000F0810000FEE72DE9F04782B00446006850
:1059D0009A460B9D0A9E0368914643F480620260DA
:1059E00002680F4642F48071016020464FF00111B9
:1059F00000223346009500F0F9F840B120680068B5
:105A0000C00544BF4FF40070206403203CE040F226
:105A100002082068C0F2010807F0FE07076120466F
:105A2000414632462B4600F039F960BB0020019018
:105A300020682A46416901918069314601900198A8
:105A4000204600F0A7F9B0B92068BAF1010F09D0DB
:105A50004FEA19210161204631462A4600F09AF9A1
:105A600048B920685FFA89F10161204631462A462B
:105A700000F090F958B1206C042804D12068016826
:105A800041F400710160012002B0BDE8F087206898
:105A900000220168334641F48071016020464FF0D6
:105AA0000111009500F0A2F80028A7D147F0010CE1
:105AB00027682046414632462B46C7F810C002B040
:105AC000BDE8F04700F0EAB82DE9F04383B00446A2
:105AD00000680D4601680A9F0B9E41F4807199464B
:105AE0009046016020464FF0011100223B4600968F
:105AF00000F07CF840B120680068C00544BF4FF456
:105B00000070206403200DE0206805F0FE010161B3
:105B10000221C0F2010120463A46334600F0BEF8A9
:105B200018B1012003B0BDE8F08300200290206886
:105B300032464169029180693946029002982046B6
:105B400000F028F940B1206C0428EAD120680168EF
:105B500041F400710160E4E72068B9F1010F0AD057
:105B60004FEA1821016120463946324600F012F909
:105B70000028E8D120685FFA88F101610020D1E7B0
:105B8000F0B581B003680446184650F8147F1546F6
:105B90007A0714D40E464F1C5969490511D44FB1E8
:105BA000FCF7BBFF236816B1401BB04202D958690D
:105BB00040070BD5184650F8141F4907ECD50020B4
:105BC00012E06FF480610160042000E020200021D9
:105BD0002022216384F83D2084F83E10226C10437B
:105BE0002064012084F83C1001B0F0BD2DE9F0479D
:105BF00080460068154601F47F071822B7F5803FFC
:105C000008BF142280588CB22040001BB0FA80F0EC
:105C10004009A8422CD1DDF820901E4603F1010A6C
:105C2000BAF1000F15D0FCF778FF1EB1A0EB090008
:105C3000B0420ED9D8F800001821B7F5803F08BF50
:105C4000142140582040001BB0FA80F04009A842BF
:105C500011D0D8F800001821B7F5803F08BF1421F3
:105C600040582040001BB0FA80F04009A842D7D02D
:105C70000020BDE8F08700202021C8F8300088F817
:105C80003D1088F83E00D8F8401041F02001C8F8D7
:105C9000401088F83C000120BDE8F0872DE9F04174
:105CA000984603680446184650F8146F8FB206EA07
:105CB0000701B94218D01646551C00BF596949055D
:105CC00015D45DB1FCF729FF23681EB1A0EB0800D5
:105CD000B04203D958693840B84211D1184650F83B
:105CE000141F3940B942E9D10020BDE8F08119689C
:105CF00041F4007119606FF480610160042000E0DC
:105D0000202000212022216384F83D2084F83E10C9
:105D1000226C10432064012084F83C10BDE8F0811F
:105D200070B50368044653F8140F400613D41546A3
:105D30000E4600BF1868C0060FD4FCF7EEFE2368BD
:105D400016B1401BB04202D95869400611D553F82C
:105D5000140F4006EED5002070BD6FF010001860E3
:105D600000202021206384F83D1084F83E00206C40
:105D700009E000202021206384F83D1084F83E00D3
:105D8000206C40F020002064002084F83C000120BA
:105D900070BD0000F0B581B003680446184650F8A5
:105DA000147F15463A0614D40E464F1C596949050E
:105DB00011D44FB1FCF7B1FE236816B1401BB042BD
:105DC00002D9586900060BD5184650F8141F090669
:105DD000ECD5002012E06FF480610160042000E047
:105DE000202000212022216384F83D2084F83E10E9
:105DF000226C10432064012084F83C1001B0F0BDF7
:105E000080B540F2B0100021C1F20000C5F20501DA
:105E100000222023026280E80E00C0E90322C0E9CC
:105E20000522FBF7F2FD18B1BDE88040FBF77ABD13
:105E300080BD80B582B00020019043F63000C4F2EE
:105E400002000168002241F4800101600068002125
:105E500000F48000019001983920FDF750FC3920B2
:105E6000FDF735FC3B2000210022FDF748FC3B20DC
:105E700002B0BDE88040FDF72ABC2DE9F04F87B0A5
:105E8000002443F63000CDE905440194C4F2020039
:105E9000016840F2000A41F0100101600168C4F29B
:105EA000020A01F0100101910199019401680AF5BB
:105EB000006641F0040101600168012201F0040163
:105EC00001910199019401684FF0010841F08001AE
:105ED0000160016801F0800101910199019401685C
:105EE00041F001010160016801F001010191019996
:105EF0000194016841F002010160016801F00201B2
:105F0000019101990194016841F008010160006864
:105F1000072100F00800019001983046FCF7E0FDF1
:105F20000AF54065284698210022FCF7D9FD0AF5BC
:105F30008069484610210022FCF7D2FD4FF68C7094
:105F400002AF02904FF0030B0AF580503946CDE9BD
:105F500003B4FCF757FC4EF23800CDE9020B304693
:105F600039460494FCF74EFC0720CDE90208304680
:105F70003946CDE90484FCF745FC48F2AF00CDE991
:105F8000020B504639460494FCF73CFC40F60740AF
:105F9000CDE9020B484639460494FCF733FC4FF434
:105FA0007040029005204FF0020A0690484639469C
:105FB000CDE903A4CDF814B0FCF724FC4FF66370D0
:105FC000CDE9020B284639460494FCF71BFC4FF43C
:105FD000F850CDE9020A4FF00C0830463946CDE9B9
:105FE000044BCDF81880FCF70DFC4FF4C050CDE900
:105FF000020A0A2006900020C4F202003946CDE9C8
:10600000044BFCF7FFFB0420CDE9020A2846394681
:10601000CDE9044BCDF81880FCF7F4FB98200290F2
:106020000120CDE903002846394601260594FCF7F6
:10603000E9FB1020CDE9020648463946CDE9046463
:10604000FCF7E0FB07B0BDE8F08F80B540F2B02070
:1060500045F20041C1F20000C4F2000148F2A06222
:1060600000234FF4804CC0F2010280E80E00C0E92A
:10607000033CC0E90533C0E90733FCF754FD18B110
:10608000BDE88040FBF74EBC80BDB0B540F20430A7
:1060900043F2000CC1F20000C4F2010C4FF4827212
:1060A0004FF4004300214FF0020E01244FF400751D
:1060B000C0E900C20A22C0E90231C0E904E4C0E933
:1060C0000651C0E90811C0E90A12FDF740FF18B1F6
:1060D000BDE8B040FBF726BCB0BDB0B596B009AC8A
:1060E000002520461C211595CDE91355CDE9105505
:1060F000FAF7EEFA01A82021FAF7EAFA40F25C304A
:106100000021C1F20000C4F2010109228023C0E98C
:106110000015C0E90252C0E904558361FEF716FB81
:1061200008B1FBF7FFFB4FF48050129040F25C3057
:10613000C1F2000012A9FEF706FC08B1FBF7F2FB62
:1061400040F25C30C1F20000FFF73AF908B1FBF70A
:10615000E9FB0020CDE9100040F25C30C1F2000004
:1061600010A9FEF742FA08B1FBF7DCFB60200990AA
:1061700005200A9004F108001421FAF7A9FA40F268
:106180005C30C1F20000214600220025FEF792FF9C
:1061900008B1FBF7C7FB01AC20461421FAF798FAC7
:1061A0004FF40050069040F25C30C1F200002146EE
:1061B0000895FEF784F908B1FBF7B4FB40F25C30B8
:1061C000C1F20000FEF74AFF16B0B0BD80B540F244
:1061D000A83041F20001C1F20000C4F20101002325
:1061E0004FF00C0C4FF4E13280E80E00C0E90333AD
:1061F000C0E905C3C361FFF7ACFA18B1BDE8804040
:10620000FBF790BB80BD0000FEE70000FEE710B585
:1062100082B000F088F808B1012407E04CF2B740E2
:10622000C0F6000000F0BCF8044610B1204602B0F1
:1062300010BD40F29C13C1F2000340F20C421868FA
:1062400019799C68ADF806200DF10602022300942E
:10625000FCF714FF0028DFD14CF25F60C0F60000AD
:1062600000F09EF804460028E0D14CF27360C0F6BE
:10627000000000F095F804460028D7D100208DF8E2
:1062800005000DF10501112000F02CF80028C3D104
:106290009DF805000DF1050100F0800001308DF83A
:1062A0000500112000F060F80028B5D100208DF81D
:1062B000040001A96B2000F015F800284FF001043C
:1062C000B4D19DF8040001A964F39F108DF8040077
:1062D0006B2000F049F80028A8D16420FCF77EFA72
:1062E0000024A3E770B582B040F29C15C1F200050E
:1062F0000E4629798DF807002868AC6801310DF148
:10630000070201230094FCF7B9FE29792868AD68DB
:106310000131324601230095FCF73AFD002818BFF1
:10632000012002B070BD80B582B06420FCF756FA3F
:1063300040F29C13C1F2000348F212021868197966
:10634000D3F808C0ADF806200DF106020223CDF8FF
:1063500000C0FCF793FE08B1012003E06420FCF7C5
:106360003DFA002002B080BD80B582B00A7840F2CC
:106370009C11C1F200018DF806000868D1F808C030
:1063800009798DF807200DF106020223CDF800C02F
:10639000FCF774FE002818BF012002B080BD000089
:1063A000F0B583B040F29C160446C1F200060DF130
:1063B0000A0700BF2078FF2814D06278FF2A11D086
:1063C0008DF80A0030683179B5688DF80B203A46AF
:1063D00002230095FCF752FE002804F10204E9D0E4
:1063E000012000E0002003B0F0BD7047806B016821
:1063F0004A6822F003024A60416D41F01001416594
:10640000012180F85110FDF79EBD806BFEF740B86A
:10641000B0B582B0846B0546FCF77FFB296809683C
:10642000C90529D402462068416821F02001416055
:10643000416821F0020141602046642100F022F809
:1064400018B1606D40F020006065A06838B9002088
:1064500001902068C1680191806801900198002036
:10646000E086012084F85100606D28B1204602B01A
:10647000BDE8B040FDF767BD204602B0BDE8B040C2
:10648000FEF705B870B582B00D461646022101220E
:106490002B460446009600F035F828B1606D0325C0
:1064A00040F02000606529E040F20000C1F20000E9
:1064B000006849F68171C1F25E61A0FB0101480DDF
:1064C0004FF47A71484301906068B0F5827F0BD138
:1064D0002046802100222B460096002500F012F86D
:1064E0000028DBD10AE000BF019830B101980138E3
:1064F0000190206880680006F6D40025284602B086
:1065000070BD00002DE9F04782B00A9C9846154600
:106510000E468146FCF701FB201A00EB0804FCF74D
:10652000FCFA40F20001C1F200010968C1F3CB316D
:1065300061430191D9F800108A683240921BB2FA87
:1065400082F25209AA421CD0824608F1010700BF1C
:106550007FB1FCF7E2FAA0EB0A00A04213D2019847
:1065600001990028A1F101010191D9F8001008BF9B
:10657000044688683040801BB0FA80F04009A84289
:10658000E6D1002028E0D9E900014268B1F5827F18
:1065900022F0E00242600BD1D9F80810B1F5004FAB
:1065A00002D0B1F5806F03D1016821F04001016094
:1065B000D9F82810B1F5005F07D1016821F4005126
:1065C0000160016841F400510160012089F8510027
:1065D000002089F85000032002B0BDE8F087704722
:1065E000FDF709B8B0B592B0002401A81421CDE997
:1065F0000A44CDE90844FAF76BF843F640000094EA
:10660000C4F202000168022541F080510160006877
:1066100000F080500090009847F200000094C4F20F
:106620000000016841F4804101600068A82100F485
:10663000804000900098012006904FF48030079031
:106640004FF480000D9004200E90119006A80C9538
:10665000CDE90F15FDF714FA08B172B6FEE70F2069
:10666000CDE901054FF4A05004904FF480500590FF
:1066700001A805210394FDF79FF810B172B600BF81
:10668000FEE712B0B0BD4EF68850CEF200000168B1
:1066900041F470010160704710B540F6FF3E036899
:1066A000C4F2000E40F2004C7045C4F2010C0DDC47
:1066B000B0F1804F17D040F20042C4F20002904285
:1066C00011D040F60002C4F200020AE040F6004297
:1066D000C4F20002904206D0604504D00022C4F209
:1066E0000102904203D14A6823F07003134341F63C
:1066F000FF72C4F2000290420DDC70451FDCB0F165
:10670000804F3FD040F20042C4F20002904239D0A4
:1067100040F6000221E043F6FF72C4F2010290420B
:106720001EDC42F20002C4F2000290422AD0002293
:10673000C4F20102904225D0604523D026E040F605
:106740000042C4F2000290421CD041F60002C4F2A2
:106750000002904216D041F60042C4F200020FE05F
:1067600044F20002C4F2010290420BD044F600024F
:10677000C4F20102904205D044F20042C4F2010288
:10678000904203D1CA6823F44073134323F080027C
:106790004B69D1F800E08C681A430260C46240F48F
:1067A0008062C0F828E0624504BF096901630121E5
:1067B00041610169C90708BF10BD016921F00101EC
:1067C000016110BD70B5054641F6FF70C4F20000CE
:1067D000144685420E4611DC40F6FF30C4F200003C
:1067E00085421FDCB5F1804F3FD040F20040C4F23B
:1067F0000000854239D040F6000021E043F6FF70EA
:10680000C4F2010085421EDC42F20000C4F2000026
:1068100085422AD00020C4F20100854225D040F2F2
:1068200000401EE040F60040C4F2000085421CD04B
:1068300041F60000C4F20000854216D041F6004047
:10684000C4F200000FE044F20000C4F201008542EF
:106850000BD044F20040C4F20100854205D044F65A
:106860000000C4F2010085421FD10C2E05D8012082
:10687000B04041F21111084209D13C2E07D04CF62C
:106880009F00C0F600004FF4ED5100F091FA06F0C1
:106890001F0001212A6A814022EA01012962296A36
:1068A00004FA00F00843286270BD4CF69F00C0F661
:1068B000000041F69F5100F07BFAD6E72DE9F04F3A
:1068C00081B00446006A226A0D4622F0010121626D
:1068D000D4F804A0D4F81880A96840F2004BD5F889
:1068E000009020F0020044F48066C4F2010B5E4583
:1068F00041EA000713D1E86840F00801082908D0F0
:106900004CF69F00C0F6000041F6D02100F050FA8E
:10691000E86827F00C0120F0040040EA01075E451A
:1069200022D1A86940F40070B0F5007F07D04CF682
:106930009F00C0F6000041F6DD2100F039FA6869D9
:1069400040F48071B1F5807F08D04CF69F00C0F60E
:10695000000041F6DE2100F02BFA68692AF440714C
:10696000AA69084340EA020A28F0730040EA0900D5
:10697000C4F804A0A06168686063276201B0BDE844
:10698000F08F2DE9F04F81B00446006A226A0D466F
:1069900022F010012162D4F804A0D4F81890A9685C
:1069A00040F2004BD5F8008020F0200044F48066CF
:1069B000C4F2010B5E4540EA011715D1E86840F0CA
:1069C0000801082908D04CF69F00C0F6000041F6E7
:1069D0001C3100F0EDF9E8686FF0400227F0C001CB
:1069E00002EA001040EA01075E4522D1A86940F49E
:1069F0000070B0F5007F07D04CF69F00C0F6000095
:106A000041F6293100F0D4F9686940F48071B1F59C
:106A1000807F08D04CF69F00C0F6000041F62A3176
:106A200000F0C6F96869A9692AF44062084342EA9D
:106A3000800A29F4E64040EA0820C4F804A0A061D6
:106A40006868A063276201B0BDE8F08F2DE9F04FC0
:106A500081B00446006A226A0D4622F480712162E8
:106A6000D4F804A0D4F81C90A96840F2004BD5F8E3
:106A7000008020F4007044F48066C4F2010B5E458F
:106A800040EA012715D1E86840F00801082908D03C
:106A90004CF69F00C0F6000041F6673100F088F91F
:106AA000E868000240F2FF4227F44061904340EA68
:106AB00001075E4522D1A86940F40070B0F5007F5F
:106AC00007D04CF69F00C0F6000041F6743100F08C
:106AD0006FF9686940F48071B1F5807F08D04CF699
:106AE0009F00C0F6000041F6753100F061F9686959
:106AF000A9692AF44052084342EA001A29F07300B7
:106B000040EA0800C4F804A0E0616868E063276216
:106B100001B0BDE8F08F2DE9F0470446D0F82080A1
:106B2000006A0D4620F4805020626668E769D1F85B
:106B300000A0D1F8089040F2004144F48060C4F213
:106B40000101884212D1686940F48071B1F5807FFB
:106B500008D04CF69F00C0F6000041F6B43100F0BA
:106B600027F9686926F4804141EA801627F4E64156
:106B700041EA0A216660E16128F40050696840EA50
:106B8000093021642062BDE8F0870000016851E807
:106B9000031F026821F4907142E80313002BF5D122
:106BA000016851E8051F026821F0010142E8051360
:106BB000002BF5D1016B01290AD100BF016851E812
:106BC000031F026821F0100142E80313002BF5D1E6
:106BD000202180F84210002101637047B0B50446BF
:106BE000406843F2A171C0F2A001884207D34CF67D
:106BF0001210C0F6000040F6756100F0D9F8E068A8
:106C000040F40050B0F5005F07D04CF61210C0F60B
:106C1000000040F6766100F0CBF8206968B1B0F56D
:106C2000806F0AD0B0F5C06F07D04CF61210C0F6D6
:106C3000000040F6776100F0BBF8606918B14FF6CC
:106C4000F371084007D04CF61210C0F6000040F671
:106C5000786100F0ADF8206804F108030ECB0569F7
:106C6000194325F440552A4302616269E3691143DF
:106C7000C268194349F20C639A431143C1604169E8
:106C8000A26921F4407141F20043114340F4806253
:106C9000C4F201039A42416102D1FCF7A9FE01E06E
:106CA000FCF793FEE1694FF69C7563681922C0F604
:106CB000FF75B1F5004FA0FB02011CD15A00DB0F9C
:106CC000F9F73FFB48F21F51C5F2EB11A0FB01237E
:106CD0005A0905F1805302FB0300322303EBC00085
:106CE000A0FB01014FF4F87000EA111000EB021054
:106CF000C1F3421118E09A009B0FF9F722FB48F20A
:106D00001F51C5F2EB11A0FB01235A0902FB05003C
:106D1000322303EB0010A0FB0101F02000EA511028
:106D200000EB0210C1F34311084421688860B0BD34
:106D30002DE9F04182B0804600681D4603680E468A
:106D40001940B1421CD017466C1C00BFA4B1FBF720
:106D5000E4FE01464FF003009DB1C91BA94210D8C3
:106D6000D8F80000C168490706D5402E04D0802E0F
:106D700002D00168090707D401683140B142E5D16A
:106D8000002002B0BDE8F081002401940168019167
:106D90004068019001984046FFF7F8FE0820C8F8C7
:106DA000440088F840400120EBE70000FEE7704710
:106DB000704740F29C1240F2A431C1F20002C1F2CD
:106DC0000001527C0988052A17D8012303FA02F230
:106DD00012F0340F11D0B0F5A06F05D8082202EBE5
:106DE0004000884288BF014688B240F2A2418842F2
:106DF00088BF014601F1FC007047B0F5207FEDD857
:106E0000F2E780B582B0019040F2A830C1F20000F4
:106E100001A901224FF47A73FEF77EFD019802B0BA
:106E200080BD80B582B042688C46D1881289013914
:106E3000013A1FFA82FE8BB200210022CDE900EC5C
:106E400000F004F802B080BDFBF7C8BC2DE9F04F9C
:106E500083B00446DDE90CC5581A0E46411C206A71
:106E6000ACEB020707F101096FBA0192D0B18DB204
:106E700025B12946013920F8027BFBD1019A204631
:106E80003146CDF800C000F0E7F91FFA89F696B355
:106E90006D0000BF2068216A2A4600F0DFFA013E3B
:106EA000F8D128E01FFA89F0029020B38DB24FF09C
:106EB000000A4FEA014B00BFBBF1000F16D001984A
:106EC0004FF000090AEB000809EB060081B21FFA37
:106ED00088F220460B46009200F0BEF92068394641
:106EE00000F015FB09F101094D45EDD102980AF1B9
:106EF000010A8245E0D103B0BDE8F08F70B582B0E1
:106F000040F29003C1F2000353F82110044641609F
:106F10000620022A38BF08204FF0080338BF062396
:106F2000085ACB5AC8804BF6AC700B814A71C0F638
:106F3000000000F11003C0690ECB606104F108008D
:106F40000EC047F67C50E08100262046268200F0E5
:106F500010F860680022C18800890139013885B2C3
:106F60008BB220460021CDE90056FFF76FFF02B03B
:106F700070BD2DE9F04F8FB00446006800214FF03E
:106F8000000B00F041F96420FFF75EFF206801214B
:106F900000F03AF96420FFF757FF2068012100F064
:106FA00027F96420FFF750FF20680121112200F02B
:106FB000DBFA05204FF00509FFF746FFD4E9000191
:106FC00040F234030A794979C1F2000303EB8202EB
:106FD000535C022136224FF0360800F0C5FA2068D3
:106FE00002213A22052300F0BFFA20680C21332643
:106FF000CDE9001B0621B2220C230296039600F075
:10700000B3FA20680221B722352300F0ADFA2068D8
:107010000221BB22192300F0A7FA20680221C02216
:107020002C2300F0A1FA20680221C222012300F0E3
:107030009BFA20680221C3221223122700F094FA3F
:1070400020680221C422202300F08EFA2068022149
:10705000C6220F2300F088FA2068A1250321D02240
:10706000A423009500F080FA60680079022843D0DC
:10707000012872D0002840F0AE8036210DF1280C96
:107080002068102704224FF0080B00238CE80A0820
:107090000E214FF0250A0F25CDE90D274FF00908E5
:1070A00007264FF00209CDE9001B1121E02207233A
:1070B000CDE9085ACDE90267CDE904690696CDF815
:1070C0001C8000F051FA352120680A910021CDE999
:1070D0000B180421CDE90D170D21CDE9085ACDE992
:1070E000001BCDE90265CDE9046906961121E12274
:1070F0000A23CDF81C806CE0302120684FF0280A6C
:1071000038220C910421CDE90827CDE90A7A3E27DF
:107110002925CDE900B1CDE902110F21E022F023AC
:10712000CDE904950696079700F01EFA3221142245
:107130002068CDE90882CDE90A250C9107210B22B0
:107140000D230A25CDE90015CDE90232CDE9041A57
:107150000F21E122F02306963AE00D221823206841
:107160000B21CDE908320AAB4FF023081F2783E833
:1071700082014C21542304254FF03F092B264FF068
:10718000130A4FF0110BCDE90052CDE906310F2162
:10719000E022D023CDE902BA0496CDF8149000F095
:1071A000E3F920212F222068CDE90827CDE90A71D3
:1071B00044212C220C23CDF830805127CDE90053F7
:1071C000CDE902BACDE9042906910F21E122D023AD
:1071D000079700F0C9F920680121212200F0C4F9C5
:1071E0002068012129220FB0BDE8F04F00F0BCB9A2
:1071F0000246C06838B1937CB2F810C083EA01023D
:107200006146FBF76DBC70470246406838B1937A1F
:10721000B2F808C083EA01026146FBF761BC70471F
:107220002DE9F041A2B002AD0E4607462846802166
:107230001C469046F9F74CFA28AB28468021224696
:107240000193F9F7F7F83846314642462B4600F0ED
:10725000BBF822B0BDE8F0812DE9F04381B00446CF
:1072600000689146DDF820800F4601212A221E4643
:1072700000F07AF9D4E9000140F204050A7949796D
:10728000C1F2000505EB021212F82110394489B24F
:1072900000F03DF9D4E900010A79497905EB0212C1
:1072A00002EB81014978314489B200F030F920685D
:1072B00001212B2200F058F9D4E900010A7949791B
:1072C00005EB021202EB81018978494489B200F092
:1072D0001EF9D4E900010A79497905EB021202EBA3
:1072E0008101C978414489B200F011F92068012177
:1072F0002C2201B0BDE8F04300F036B92DE9F0478B
:1073000082B0476804461D46FB8800891B1A8B42E1
:107310003BDB3F896389FF1A974236DB08441344FD
:107320000138013B9FB283B220460097FFF794FFDC
:10733000A08950B3A5F120011FFA81F84FF0000A8F
:107340004FF00009616900FB08A04F460D5C09F190
:1073500008090826E9074FF00E01206808BF102130
:10736000615A00F0D4F801372089F9B2884205D07B
:10737000013E4FEA5505EDD102E000BF4FF0000994
:10738000A0890AF1010A8245DCD302B0BDE8F0878A
:107390002DE9F04182B0DDE908781C460546C818A1
:1073A000D3190138013B9EB283B228460096FFF7FD
:1073B00053FF286804FB07F14A00414602B0BDE8CC
:1073C000F04100F05FB800002DE9F0411C78E4B115
:1073D0000546008990460E465F1C00BF696880B272
:1073E000C988B2B2081A904202DA6889002680443D
:1073F000B1B21FFA88F2E3B22846FFF77FFF17F811
:10740000014B2889002C0644E8D1BDE8F08100003A
:107410002DE9F04100B31546F2B104460E46B5F52C
:10742000803F10D34FF6FF78002700BF204631463B
:107430004FF6FF724FF6FF73A5EB0805FCF7E0FE71
:10744000B7EB154FF2D1AAB2204631464FF6FF7383
:10745000BDE8F041FCF7D4BEBDE8F08170B505464B
:10746000C06914460E4630B195F82220298C82F06E
:107470000102FBF735FB286831462246BDE8704023
:10748000FFF7C6BF2DE9F0410446C06916460D4618
:1074900030B194F82220218C82F00102FBF720FB0E
:1074A0002468BEB1B4B1B6F5803F0ED34FF6FF7875
:1074B000002700BF204629464FF6FF72A6EB0806BC
:1074C000FCF766FFB7EB164FF4D1B2B2204629465F
:1074D000FCF75EFF2046FCF737FD0128FAD1BDE836
:1074E000F08110B582B00446C0698DF8071030B144
:1074F00094F82220218C82F00102FBF7F1FA206837
:107500000DF107010122FFF783FF02B010BDB0B5F6
:1075100082B00446C0690D4630B194F82220218C17
:1075200082F00102FBF7DCFA69BA2068ADF80610B8
:107530000DF106010222FFF76BFF02B0B0BD10B5DE
:1075400082B00446C0698DF8071020B1218C94F8F0
:107550002220FBF7C5FA20680DF107010122FFF791
:1075600057FF02B010BD000082B0B0B582B00D462A
:1075700006A90431CDE9062301919DF818100446AF
:10758000FFF7DDFF022D0ADB013D00BF0198011D61
:10759000019101782046FFF7A4FF013DF6D102B02A
:1075A000BDE8B04002B0704782B0FCF731F8FFF799
:1075B00019F8FEF762FCFEF73CFCFEF721FCFEF733
:1075C00044FDFEF703FEFEF760FDFEF786FD2AA0F0
:1075D000F9F768F840F25C30C1F2000000214FF08A
:1075E0000008FDF7D2FF40F24004C1F2000420463B
:1075F00002210222FFF782FC20460021FFF711FC46
:1076000040F2B020C1F200000E21F9F7F5FF4FF46F
:10761000FA70FBF7E3F840F2000940F2B010C2F252
:107620000009C1F2000000214A464FF49643FAF7E0
:107630003BFB40F23C1740F2381BC1F200074FF011
:10764000A00AC1F2000B10A638680028FCD0204622
:1076500000210022F023C7F80080CDE900A9FFF740
:1076600097FEDBF800502046F021002233460095BB
:10767000FFF7D6FDE8E700BF68656C6C6F20776F99
:10768000726C640D00000000256446505300000039
:107690002DE9F04F81B005466420FBF79FF840F2DA
:1076A0009C14C1F200044FF0010A0DF103022046C0
:1076B000FF218DF803A0FAF74AF880208DF8030027
:1076C0000DF1030220461221FAF741F80520FBF7DD
:1076D00085F84BF6EC70C0F6000000F01FFD1E2090
:1076E000FBF77CF84FF000090DF103022046FF2163
:1076F000257484F811A08DF80390FAF728F80DF19D
:107700000302204605218DF803A0FAF720F84CF279
:107710008D60C0F6000000F001FD257C0DF1030234
:107720002046FF218DF803A0FAF711F80DF10302AE
:1077300020461221F9F7D6FF9DF803B00DF10302A0
:107740002046FF218DF80390FAF701F80DF10302AE
:1077500020464421F9F7C6FF4BF62C70C0F6000016
:1077600000EB850130F825604F88B0F8600048F6DE
:10777000EA2148F6A425C0F60001C0F600059DF8F0
:107780000380864288BF0D460DF103022046FF218B
:107790000BF0020B8DF80390F9F7D9FF0DF10302FE
:1077A000204605218DF803A0F9F7D1FFB0088DF828
:1077B00003000DF1030220465A21F9F7C8FFB8086B
:1077C0008DF803000DF1030220465B21F9F7BFFF9E
:1077D000042000EA1720C6F3812108448DF8030035
:1077E0000DF1030220465C21F9F7B1FF0DF1030210
:1077F0002046FF218DF803A0F9F7A9FF284600F0E5
:107800008DFC0DF103022046FF218DF803A0F9F74E
:107810009EFF0DF1030220461221F9F763FF9DF848
:1078200003000DF1030240EA0B008DF8030020462F
:107830001221F9F78CFF0DF103022046FF218DF88C
:107840000390F9F784FF0DF10302204644218DF8DF
:107850000380F9F77CFF0DF10302204605218DF826
:107860000390F9F774FF0DF103022046FF218DF814
:1078700003A0F9F76CFF0DF1030220460421F9F78C
:1078800031FF9DF803000DF1030240F080008DF8F8
:10789000030020460421F9F75AFF0DF103022046A8
:1078A000FF218DF803A0F9F752FF0DF103022046E6
:1078B0000421F9F717FF9DF803000DF1030240F0D2
:1078C00050008DF8030020460421F9F740FF002006
:1078D00001B0BDE8F08F00002DE9F04F8BB040F211
:1078E0009C14C1F200048046204643F20311112289
:1078F000F9F745FF204643F208018222F9F73FFFDE
:107900000520FAF76BFF4CF26011C0F60001087811
:1079100098B140F29C164F1CC1F2000617F8031BE9
:1079200017F8022C41EA002017F8015C81B23046BA
:10793000F9F725FF002D2846F0D14FF49670FAF79D
:107940004DFF0120607420464FF48641612284F887
:107950001080F9F714FF204645F21F010122F9F7C4
:107960000EFF0AAD204643F621012A46F9F7D8FE5C
:107970009DF8280043F6210100F0DF022046F9F7C8
:10798000FEFE204643F202012A46F9F7C9FE9DF8A1
:10799000280043F2020140F01C022046F9F7EFFEF6
:1079A000204643F206012A46F9F7BAFE9DF8280060
:1079B00043F2060100F0D7022046F9F7E0FE40F25C
:1079C000A439C1F20009B9F800004BF62C76C0F6D4
:1079D000000690B1207C36F82000FFF7EAF9054652
:1079E000C0F30722204643F60C01F9F7C8FEEAB2BD
:1079F000204643F60D01F9F7C2FE207C617C06EBC0
:107A0000800236F82040B2F802800A1F022A06D30C
:107A100002290FD144EA0801490740F0CC810D2822
:107A20000BD8012101FA00F043F29201084240F024
:107A3000C28102E0072800F0BE81B4F5226F98BF32
:107A4000B8F5F36F00F2B78140F2CA02C1F200024A
:107A5000118840F2C803C1F20003A14298BF214639
:107A6000188840F2706CC1F2000C1180404598BF3C
:107A700040461880BCF90030C1F52262002740F270
:107A8000726AB3EB520FC8BF5308A7EB5202C1F2A0
:107A9000000A9342D8BF1346BAF90020C0F5F36537
:107AA000ACF80030B2EB550FC8BF6A08A7EB55051C
:107AB000AA42D8BF2A46B4EB510F4FF00005AAF8EE
:107AC000002098BF0125B8EB500F98BF01272F4029
:107AD000099701F110071FFA87FC1FFA83FBCCF509
:107AE000226707EB977603EBDB334FEAA6061BB260
:107AF0004FF0010506EB530318BF0225B7EB430F08
:107B0000C8BF5F0017F1080FD8BF6FF0070707F174
:107B1000100B1FFA8BF3009301EB0B03B1FBF5F194
:107B200001EE104A00EE101AB0FBF5F103EE108AD8
:107B300002EE101AB8EE400AB8EE411AB8EE422A28
:107B4000B8EE433A80EE010A82EE032A0F3300F1C9
:107B5000080A03939BB202931FFA8AF31FFA82FE6C
:107B6000C3F5F36702EBDE3207EB9771891012B2AF
:107B7000A1EB5201B7EB410FC8BF4F0017F1040F43
:107B8000D8BF6FF0030707F1060A5044C71DB8B20B
:107B9000B4EE420A0190F1EE10FAB8BFB0EE402AFE
:107BA00022EE010ABCFBF5F0BDEEC00A10EE101A81
:107BB000A9F8000022EE030A401ABDEEC00A00EB4D
:107BC000D070B3FBF5F910EE101A40100690A9EB37
:107BD000010000EBD0704010079020461FFA8AF693
:107BE000FFF7E7F80490B9F1E00F98BF4FF0E00914
:107BF00009F1180005906FF00E0000EB4510089099
:107C0000009840F29C15C1F20005020A28464FF484
:107C10006051F9F7B4FD5FFA8BF2284643F6010193
:107C2000F9F7ADFD320A284643F60201F9F7A7FD40
:107C30005FFA8AF2284643F60301F9F7A0FD02989D
:107C400043F60401020A2846F9F799FD039843F622
:107C50000501C2B22846F9F792FD019843F60601E4
:107C6000020A2846F9F78BFDFAB2284643F60701C7
:107C7000F9F785FD4FEA142B284643F608015A46CA
:107C8000F9F77DFD5FFA84F9284643F609014A4673
:107C9000F9F775FD4FEA182A284643F60A015246BD
:107CA000F9F76DFD5FFA88F6284643F60B01324678
:107CB000F9F765FD049C2846C4F3072243F60C013E
:107CC000F9F75DFDE2B2284643F60D01F9F757FDDD
:107CD000059C2846C4F3072243F60E01F9F74FFD31
:107CE000E2B2284643F60F01F9F749FD069C284603
:107CF000C4F3072243F61001F9F741FDE2B228462A
:107D000043F61101F9F73BFD079C2846C4F307220F
:107D100043F61201F9F733FDE2B2284643F61301A8
:107D2000F9F72DFD089843F61401C7B228463A46E4
:107D3000F9F725FD284643F615013A46F9F71FFDE8
:107D40000DF12907284643F620013A46F9F7E8FCE9
:107D50009DF82900099C00F0FE000219284643F610
:107D60002001F9F70CFD284643F621013A46F9F7C0
:107D7000D7FC9DF8290043F6210100F0FE0002190E
:107D80002846F9F7FCFC284644F202615A46F9F706
:107D9000F6FC284644F203614A46F9F7F0FC28460F
:107DA00044F204615246F9F7EAFC284644F20561C0
:107DB0003246F9F7E4FC40F29C14C1F200040DF1E4
:107DC0002A02204643F62101F9F7AAFC9DF82A0071
:107DD00043F6210100F0F9022046F9F7D0FC0DF13D
:107DE0002B02204643F62001F9F79AFC9DF82B0060
:107DF00043F6200140F006022046F9F7C0FC0120BE
:107E00000BB0BDE8F08F00002DE9F04383B040F2E5
:107E10009C1980468020C1F200098DF803000DF105
:107E2000030248461221F9F792FC0220FAF7D6FC29
:107E30004CF2D151C0F60001087898B140F29C167E
:107E40004D1CC1F2000601AF15F8021B3A4615F8A9
:107E5000014C8DF80410C1B23046F9F778FC002CC3
:107E60002046F1D14FF49670FAF7B8FC012089F85A
:107E700011000DF105024846122189F81080F9F72A
:107E800031FC9DF805000DF1060200F0FC00023007
:107E90008DF8050000208DF8060048466721F9F7A7
:107EA00056FC9DF805000DF107028DF807004846C5
:107EB0001221F9F74CFC99F8100000F02BF802AAF7
:107EC00048460C21F9F70EFC9DF808000DF1090257
:107ED00040F040008DF8090048460C21F9F737FCC6
:107EE0000DF10A0248460C21F9F7FCFB9DF80A0047
:107EF0000DF10B0240F080008DF80B0048460C217C
:107F0000F9F725FC99F8100000F004F8012003B0FF
:107F1000BDE8F0832DE9F04182B04BF62C71C0F63C
:107F2000000131F82060B6F5207F00F2F38001EB0C
:107F300080004788B7F5F07F00F2EC8040F29C1497
:107F4000B008C1F200048DF807000DF107022046C9
:107F50002921F9F7FCFB78088DF807000DF10702DD
:107F600020462C21F9F7F3FB06F0030067F38200AB
:107F70008DF807000DF1070220462A21F9F7E7FBEB
:107F80000DF1060820460C214246F9F7ABFB9DF89F
:107F90000650204632214246F9F7A4FB9DF8060020
:107FA0004FF0400800F0BF0008EA550108448DF882
:107FB00007000DF1070220463221F9F7C8FBB6F59C
:107FC000A07F4FEAD51698BFF02F5DD940F29C14E0
:107FD000C1F200040DF1050220461221F9F782FBDF
:107FE0009DF805000DF1070220F040008DF8050016
:107FF0008DF8070020461221F9F7A9FB23208DF800
:1080000007000DF1070220461721F9F7A0FBA02079
:108010008DF807000DF1070220461821F9F797FBAC
:1080200086F007008DF807000DF1070220461921A0
:10803000F9F78DFBF0208DF807000DF107022046BF
:108040001A21F9F784FBF3208DF807000DF10702E0
:108050002046AC21F9F77BFB00208DF807000DF1DD
:1080600007022046A021F9F772FB0DF10702204616
:10807000A1218DF80780F9F76AFB0DF10702204670
:10808000A2218DF8078043E040F29C14C1F2000465
:108090000DF1050220461221F9F724FB9DF8050099
:1080A0000DF1070240F040008DF805008DF8070043
:1080B00020461221F9F74BFB3F208DF807000DF108
:1080C000070220461721F9F742FB50208DF80700E0
:1080D0000DF1070220461821F9F739FB86F003005D
:1080E0008DF807000DF1070220461921F9F72FFB43
:1080F00078208DF807000DF1070220461A21F9F7C4
:1081000026FBFF208DF807000DF107022046AC2169
:10811000F9F71DFB02B0BDE8F0810000017881B1E4
:10812000B0B540F29C14851CC1F200046A1EC9B2AD
:108130002046F9F70CFB15F8021B0029F6D1BDE823
:10814000B04070475FEA400C08BF91F0000F4FEA63
:108150008C234FEAC12243EA51514FEA1C5018BF09
:1081600000F5F0404FEA300018BF41F000415FEAEF
:108170006C5C00F02980BCF1FF3F08BF40F08040FC
:108180007047130C06BF12044FF0100C4FF0000C98
:10819000130E04BF12020CF1080C130F04BF1201DE
:1081A0000CF1040C930F04BF92000CF1020CD30FDE
:1081B00004BF52000CF1010C11464FF00002A0F177
:1081C0001F00A0EB0C00704711F0004F08BF704774
:1081D00031F000413FF4D5AF0B0C06BF09044FF05E
:1081E000100C4FF0000C0B0E04BF09020CF1080C30
:1081F0000B0F04BF09010CF1040C8B0F04BF8900A5
:108200000CF1020CCB0F04BF49000CF1010CCCF1B6
:10821000200322FA03F341EA030102FA0CF2A0EB75
:108220000C0000F10100704723F07F4720F07F4CE5
:1082300080EA030000F00040ACEB070303F57C5339
:1082400003F1FF032DE9804909B44FEA144324EAFE
:1082500003484FEA154B25EA0B4E0FF2042606EBB6
:1082600013273E7803FB0667C7F5000707FB06F6F2
:108270004FEAD64606F102064FEA543707FB066C72
:10828000CCF1005C4FEA1C472CEA074C0CFB06F5CE
:1082900007FB06F404EB15464FEA961649085FEA19
:1082A000320234BF00204FF000404FEAD13706FBC6
:1082B00007FC4FEA1C4C0CFB0BF7D21B03FB0CF723
:1082C00061EB07010CFB0EF7B0EB074072EB1742B6
:1082D0000CFB08F734BFA2EB0742B2EB074261EB9D
:1082E00017414FEA0C444FEA910706FB07FC4FEA9F
:1082F0001C4C0CFB0BF7B0EBC74072EB573203FB87
:108300000CF734BFA2EBC742B2EBC74261EB573167
:108310000CFB0EF7B0EBC70072EB57720CFB08F7C3
:1083200034BFA2EBC702B2EBC70261EB57714FEA51
:10833000816141EA92114FEA826242EA90124FEA69
:10834000806004EBCC04039F4FEAD13706FB07FCA7
:108350004FEA1C4C0CFB0BF7D21B03FB0CF761EB39
:1083600007010CFB0EF7B0EB074072EB17420CFB5A
:1083700008F734BFA2EB0742B2EB074261EB1741AB
:108380004FEA8C5504EB9C244FEA910706FB07FC4F
:108390004FEA1C4C0CFB0BF7B0EBC74072EB5732AB
:1083A00003FB0CF734BFA2EBC742B2EBC74261EB51
:1083B00057310CFB0EF7B0EBC70072EB57720CFB9A
:1083C00008F734BFA2EBC702B2EBC70261EB5771EB
:1083D0004FEA816141EA92114FEA826242EA9012C9
:1083E0004FEA806015EB4C2544F100044FEAD13789
:1083F00006FB07FC4FEA1C4C0CFB0BF7D21B03FBE4
:108400000CF761EB07010CFB0EF7B0EB074072EBCA
:1084100017420CFB08F734BFA2EB0742B2EB07424E
:1084200061EB17414FEA813141EA92414FEA8232D2
:1084300042EA90424FEA80304FEA0C7615EB1C1569
:1084400044F1000448EA03434EEA0B484FF0000EA3
:10845000B2EB080C71EB030724BF624639464EEBC2
:108460000E0E4FF0000B0018524149414BEB0B0B25
:10847000B2EB080C71EB03077BF1000B24BF6246E3
:1084800039464EEB0E0E4FF0000B00185241494199
:108490004BEB0B0BB2EB080C71EB03077BF1000B02
:1084A00024BF624639464EEB0E0E51EA020718BF52
:1084B00046F0010616EB0E7655F1000254F100016C
:1084C00003D5BDE88901BDE80088BDE88901BDE8A4
:1084D0000048B619524141EB0101A3F10103704775
:1084E00080807F7E7D7C7B7A7978777676757473F1
:1084F000727171706F6E6E6D6C6C6B6A6A696868B0
:10850000676666656464636362616160605F5F5E45
:108510005E5D5D5C5C5B5B5A5A59595858575756BB
:108520005655555554545353525252515150505020
:108530004F4F4F4E4E4D4D4D4C4C4C4B4B4B4A4A72
:108540004A494949484848474747474646464545B6
:1085500045444444444343434342424242414141EF
:108560009C46002B30D477002BD04FEA37071CB540
:1085700003B44FF010004FF01001BAF1000F06D015
:10858000BCF1000FDCBF40F0080040F008014FF0E4
:1085900000000FBCBDE810400BF1010BBBF1010F57
:1085A00008BF5FEA170722BF12F1010211F10101B2
:1085B0004FF0004143F1000300F0004043EA0000A7
:1085C0007047F9D35708D0E746EA06464FEA164601
:1085D00013F1400F1FDD13F1200FDFBF16430A46D2
:1085E000002120335B42BED0C3F1200746EA064695
:1085F0004FEA164602FA07F746EA070622FA03F29E
:10860000C3F1200701FA07F742EA070221FA03F152
:108610004FF00003A7E746EA020646EA06464FEA9D
:10862000164646EA0106BCBF46EA0646360C4FF03F
:1086300000034FF000024FF0000194E72DE9804C59
:1086400070B49A46934691E8380007C831EA400C66
:1086500048BF34EA430C03D5FFF7E6FDFFF780FF80
:10866000F0BCBDE8008C2DE9804C70B49A4693466E
:1086700091E8380007C810F0804F08BF13F0804F12
:1086800003D100F005F8FFF76BFFF0BCBDE8008CEC
:1086900020F07F4723F07F4C80EA030000F0004089
:1086A00007EB0C03A3F57C53A3F1FE0392F0000F3C
:1086B00000F0B38095F0000F00F077802DE90149BC
:1086C0004FEA114021EA00484FEA144624EA0647DF
:1086D00000FB06FC08FB06F607FB08F818EB06484B
:1086E0004CEB164C00FB07F718EB07484CEB174018
:1086F0004FEA124B22EA0B4E4FEA154625EA06478F
:108700000BFB06FC0EFB06F607FB0EFE1EEB064EF1
:108710004CEB164C0BFB07F71EEB074E4CEB174BC5
:1087200018EB0B0840F1000018EB0E0B58EB00089B
:1087300040F100008F1A4FF000014FF000063CBFDF
:10874000C943661B14BFB5EB040C00213CBFC943F1
:10875000F61B4FEA174427EA04454FEA1C472CEA68
:10876000074C04FB076205FB07F70CFB05F616EB4D
:10877000074642EB174204FB0CFC16EB0C4642EB9F
:108780001C421BEB060658EB020241414EEA8E0EDC
:1087900046EA9E0601D5BDE80189B619524141EB72
:1087A0000101A3F10103BDE801894FEA144524EA60
:1087B00005464FEA114721EA074C05FB07F406FB83
:1087C00007F70CFB06F111EB074144EB174405FBDF
:1087D0000CFC11EB0C4144EB1C444FEA124722EA1B
:1087E000074C05FB07F206FB07F70CFB06F616EB3A
:1087F000074642EB174205FB0CFC16EB0C4642EB1E
:108800001C456A1854F1000148BF7047B61952411F
:1088100041EB0101A3F10103704795F0000F37D040
:108820004FEA114221EA02464FEA144724EA074C74
:1088300002FB07F106FB07F70CFB06F414EB0744F9
:1088400041EB174102FB0CFC14EB0C4441EB1C41C7
:108850004FEA154725EA074C02FB07F506FB07F729
:108860000CFB06F616EB074645EB174502FB0CFC26
:1088700016EB0C4645EB1C42121951F1000148BFA2
:108880007047B619524141EB0101A3F10103704752
:108890004FEA144524EA05464FEA114721EA074CFE
:1088A00005FB07F106FB07F70CFB06F212EB07428C
:1088B00041EB174105FB0CFC12EB0C4251EB1C4148
:1088C0004FF0000648BF7047921841EB0101A3F139
:1088D0000103704703B401984100009850EAC12099
:1088E00018BF04204A0D18BF40F0010040F2FF728B
:1088F000B2EB515F08BF40F00200012808BF05201D
:1089000002B0704730380A2801D201207047002099
:108910007047000010B500290AD00878002807D059
:1089200005487844F8F728FE002801D0002010BD43
:108930000248784410BD00007A40000072400000F8
:1089400010B500290AD00878002807D005487844D7
:10895000F8F712FE002801D0002010BD024878442C
:1089600010BD00006A40000062400000F1EE100AF5
:108970004FF6FF71C0F2C03120EA010040F04070B4
:10898000E1EE100A7047F8F7FCB9F8F731BB303167
:108990003233343536373839414243444546403026
:1089A00058003031323334353637383961626364D8
:1089B00065664030780004000008000000000000F8
:1089C0000002000100001000000000000000000094
:1089D0003031323334353637383961626364656635
:1089E00078700030313233343536373839414243CC
:1089F000444546585000000002400000000000A01E
:108A00000000000005400000000000C80000000059
:108A10000C4000000000409C0000000019400000D5
:108A20000020BCBE0000000034400000BFC91B8E07
:108A300000000004B5400000504BCFD06607E2CFE5
:108A4000010000006C4100003E8251AADFEEA73415
:108A500001000000D9420000DCB5A0E23A301F97C7
:108A6000FFFFFFFFB4450000FD25A0C8E9A3C14FEB
:108A7000FFFFFFFFFF3F000000000080000000003C
:108A8000FF3F000000000080000000000000000028
:108A900000000000010203040607080900000000AE
:108AA00001020304FF011240030F3209171118439A
:108AB00019001A4B3D3835DA221A37C334C00688FC
:108AC0000D870E414203FF000501E004C064C14B65
:108AD0008C005300540051C8529655005700863DF3
:108AE0005080D3800500E0000000FF011200030F5A
:108AF00032361711187519011A973D343588220A34
:108B0000374034A006020DB70E014283FF00050175
:108B1000E004C0C8C1968C00530054005190522C00
:108B200055885700863D5080D3840500E000000042
:108B3000000000000000000000000000000004042D
:108B4000040404000004000014140A0000000000E3
:108B50000000000000000A0A1F0A0A1F0A0A00009B
:108B600000040E1505060C14150E04000000121565
:108B70000D152E2C2A1200000000040A0A361515C5
:108B800029160000020201000000000000000000A1
:108B9000100808040404040408081000020404086F
:108BA000080808080404020000000004150E0E1551
:108BB0000400000000000008083E08080000000053
:108BC00000000000000000000202010000000000A0
:108BD000003F000000000000000000000000000056
:108BE0000002000000201010080804040202010026
:108BF00000000E1111111111110E000000000406E9
:108C000004040404040E000000000E111108040204
:108C1000011F000000000E11100C1010110E0000BA
:108C20000000080C0C0A091F081C000000001F01AE
:108C3000010F1110110E000000000C12010D131194
:108C4000110E000000001E100808040404040000B7
:108C500000000E11110E1111110E000000000E1176
:108C600011191610090600000000000004000000A1
:108C700000040000000000000004000000040400E4
:108C800000001008040202040810000000000000A8
:108C90003F003F0000000000000002040810100820
:108CA0000402000000000E1111080404000400007A
:108CB00000001C22292D2D1D221C00000000040490
:108CC0000C0A0A1E1233000000000F12120E1212BC
:108CD000120F000000001E1101010101110E000021
:108CE00000000F1212121212120F000000001F12C9
:108CF0000A0E0A02121F000000001F120A0E0A02CA
:108D00000207000000001C1201013911120C0000C2
:108D100000003312121E12121233000000001F0452
:108D200004040404041F000000003E0808080808AA
:108D300008080907000037120A060A121237000055
:108D40000000070202020202223F000000003B1B5B
:108D50001B1B15151535000000003B1216161A1ABC
:108D60001217000000000E1111111111110E000058
:108D700000000F12120E02020207000000000E1186
:108D800011111117190E180000000F12120E0A12FD
:108D90001237000000001E1101060810110F00001C
:108DA00000001F1504040404040E00000000331228
:108DB00012121212120C000000003312120A0A0CD6
:108DC000040400000000151515150E0A0A0A00001B
:108DD00000001B0A0A04040A0A1B000000001B0A08
:108DE0000A0A0404040E000000001F09080404021B
:108DF000121F00001C0404040404040404041C00E6
:108E00000002020404040808081010000E080808F4
:108E10000808080808080E00040A00000000000006
:108E20000000000000000000000000000000003F03
:108E3000020400000000000000000000000000002C
:108E4000000C121C123C000000030202020E12125F
:108E5000120E000000000000001C1202120C0000A4
:108E600000181010101C1212123C0000000000002C
:108E7000000C121E021C000000182404041E04042E
:108E8000041E000000000000003C120C021C221C0A
:108E900000030202020E1212123700000004040046
:108EA00000060404040E000000080800000C080876
:108EB0000808080700030202021A0A060A13000043
:108EC0000007040404040404041F00000000000060
:108ED000000F15151515000000000000000F1212FC
:108EE0001237000000000000000C1212120C0000EB
:108EF00000000000000F1212120E02070000000016
:108F0000001C1212121C103800000000001B060288
:108F10000207000000000000001E020C101E0000EE
:108F200000000004041E0404041C000000000000F3
:108F3000001B1212123C000000000000001B0A0A75
:108F400004040000000000000015150E0A0A0000CD
:108F500000000000001B0A040A1B000000000000C3
:108F6000003312120C08040300000000001E080465
:108F7000041E000018080808080C08080808180053
:108F8000080808080808080808080808060404046F
:108F90000408040404040600160900000000000090
:108FA00000000000000000000000000000000000C1
:108FB0000000000000000008080808080808000079
:108FC0001818000000486C24120000000000000087
:108FD000000000000000002424247F1212127F12DF
:108FE000121200000000081C2A2A0A0C1828282A3D
:108FF0002A1C080800000022251515152A5854546B
:10900000542200000000000C1212120A76252911C9
:10901000916E00000006060403000000000000003E
:109020000000000000402010100808080808081080
:109030001020400000020408081010101010100842
:10904000080402000000000008086B1C1C6B0808E4
:109050000000000000000000080808087F08080859
:1090600008000000000000000000000000000000F8
:10907000060604030000000000000000FE000000DF
:1090800000000000000000000000000000000000E0
:109090000606000000008040402020101008080450
:1090A00004020200000000182442424242424242AE
:1090B00024180000000000080E0808080808080826
:1090C000083E00000000003C4242422020100804FC
:1090D000427E00000000003C4242201820404042F6
:1090E000221C0000000000203028242422227E20A0
:1090F000207800000000007E0202021A2640404252
:10910000221C0000000000382402021A26424242BB
:10911000241800000000007E222210100808080811
:10912000080800000000003C424242241824424249
:10913000423C000000000018244242426458404073
:10914000241C0000000000000000181800000000AF
:1091500018180000000000000000000800000000D7
:109160000008080400000040201008040204081051
:10917000204000000000000000007F0000007F0091
:109180000000000000000002040810204020100829
:10919000040200000000003C424246402010100043
:1091A000181800000000001C225A555555552D4234
:1091B000221C00000000000808181414243C22425D
:1091C00042E700000000001F2222221E22424242EB
:1091D000221F00000000007C424201010101014207
:1091E000221C00000000001F224242424242424232
:1091F000221F00000000003F4212121E1212024203
:10920000423F00000000003F4212121E12120202F2
:10921000020700000000003C22220101017121220E
:10922000221C0000000000E7424242427E424242CD
:1092300042E700000000003E080808080808080887
:10924000083E00000000007C1010101010101010DC
:109250001010110F0000007722120A0E0A121222BB
:10926000227700000000000702020202020202024E
:10927000427F000000000077363636362A2A2A2A36
:109280002A6B0000000000E346464A4A52525262EE
:10929000624700000000001C224141414141414120
:1092A000221C00000000003F424242423E020202F5
:1092B000020700000000001C2241414141414D5382
:1092C000321C60000000003F4242423E1212222245
:1092D00042C700000000007C4242020418204042C5
:1092E000423E00000000007F4908080808080808FE
:1092F000081C0000000000E7424242424242424253
:10930000423C0000000000E74242222424141418CA
:10931000080800000000006B4949494955553622AC
:1093200022220000000000E74224241818182424F8
:1093300042E7000000000077222214140808080801
:10934000081C00000000007E2120101008040442C8
:10935000423F0000007808080808080808080808C4
:109360000808780000000202040408080810102011
:1093700020204040001E101010101010101010106F
:1093800010101E0000384400000000000000000023
:1093900000000000000000000000000000000000CD
:1093A000000000FF000608000000000000000000B0
:1093B00000000000000000000000003C4278444231
:1093C00042FC0000000000030202021A2642424250
:1093D000261A0000000000000000003844020202CB
:1093E000443800000000006040404078444242425F
:1093F00064D80000000000000000003C427E020231
:10940000423C0000000000F08808087E08080808B8
:10941000083E0000000000000000007C22221C0228
:109420003C42423C000000030202023A46424242F1
:1094300042E700000000000C0C00000E08080808BD
:10944000083E0000000000303000003820202020BE
:109450002020221E0000000302020272120A1612CD
:10946000227700000000000E080808080808080815
:10947000083E0000000000000000007F92929292DF
:1094800092B70000000000000000003B464242424C
:1094900042E70000000000000000003C424242425F
:1094A000423C0000000000000000001B2642424237
:1094B000221E0207000000000000007844424242E1
:1094C000447840E000000000000000774C040404F1
:1094D000041F0000000000000000007C42023C402D
:1094E000423E0000000000000008083E080808088E
:1094F00008300000000000000000006342424242C9
:1095000062DC000000000000000000E74224241498
:109510000808000000000000000000EB4949555514
:109520002222000000000000000000762418181815
:10953000246E000000000000000000E74224241414
:1095400018080807000000000000007E221008082C
:10955000447E000000C02020202020102020202059
:109560002020C0001010101010101010101010103B
:10957000101010100006080808080810080808084D
:10958000080806000C32C2000000000000000000C5
:1095900000000000000000000000000000000000CB
:1095A00000000000000000000000000000000000BB
:1095B00000000000000000000000000000000000AB
:1095C00000000000000000000000000060006000DB
:1095D000600060006000600060004000200020002B
:1095E000200000000000000060006000600000003B
:1095F00000000000000000006006600630039801D3
:10960000880044000000000000000000000000008E
:10961000000000000000000000000000000000004A
:109620000000000000000000000000001002100216
:1096300010021002FE07FE070802080108010801D7
:109640000801FE07FE0704010401040104010000F3
:109650000000000000000000000040004000F00199
:1096600058034C03CC034C0058007000E000C001CC
:10967000C00140034C035C034C034801F000400070
:109680004000000000000000000000000E010A0180
:10969000910091009100510051003A00AE03A002E8
:1096A0005004500448044804480484028403000021
:1096B00000000000000000000000000038006C0006
:1096C0006C006C006C006C002C0098071C011A01E7
:1096D000330133016301E300C308C6093C070000FE
:1096E00000000000000000000C001C001000100032
:1096F000080004000000000000000000000000005E
:109700000000000000000000000000000000000059
:1097100000000000000000000004000200018000C2
:109720008000400040002000200020002000200099
:109730002000200040004000800080000001000266
:1097400000040000000000000200040008001000F7
:109750001000200020004000400040004000400079
:10976000400040002000200010001000080004000D
:1097700002000000000000000000000000000000E7
:109780004000C0004000460C4E0FD001F0015E0FBB
:10979000460C4000400040000000000000000000B7
:1097A00000000000000000000000000000000000B9
:1097B000000040004000400040004000FE0F40001C
:1097C0004000400040004000000000000000000099
:1097D0000000000000000000000000000000000089
:1097E0000000000000000000000000000000000079
:1097F00000000000000000000C001C001000100021
:10980000080004000000000000000000000000004C
:10981000000000000000000000000000FE07000043
:109820000000000000000000000000000000000038
:109830000000000000000000000000000000000028
:109840000000000000000000000000000000000018
:1098500000000000000000001C001C001C000000B4
:1098600000000000000000000004000600020003E9
:1098700000010001800080004000400060002000E6
:10988000200010001000080008000C000400060072
:109890000200000000000000000000000000F000D6
:1098A00098010C030C0306060606060606060606C5
:1098B0000606060606060C030C039801F0000000DD
:1098C0000000000000000000000000000000400058
:1098D0007C0060006000600060006000600060006C
:1098E000600060006000600060006000FC03000039
:1098F0000000000000000000000000000000F80070
:109900008401020306030603000300018001C00076
:10991000600020001000080204020602FE0300009E
:1099200000000000000000000000000000007800BF
:10993000C6008601860180018001C00070008001A0
:10994000000100030003060306038601F80000007F
:109950000000000000000000000000000000800186
:109960008001C001A001A00190018801880184014B
:109970008201FE0F8001800180018001E00700006C
:109980000000000000000000000000000000FC03D8
:1099900004000400040004000400F4008C0104032B
:1099A000000300030603060382018401F80000009F
:1099B0000000000000000000000000000000E001C6
:1099C00018030C030C0004000600E60116030E0643
:1099D00006060606060604060C021803F000000040
:1099E0000000000000000000000000000000F80778
:1099F0000C06040204010001000180008000400008
:109A000040004000600060006000600060000000F6
:109A10000000000000000000000000000000F8014D
:109A20000C030606060606060C021C03F000C8011D
:109A30000C0306060606060606060C03F0010000E7
:109A40000000000000000000000000000000F00026
:109A50000C010C03060206060606060606078C061F
:109A600078060006000300030C018C01780000005A
:109A700000000000000000000000000000000000E6
:109A80000000000000000000E000E000E000000036
:109A90000000000000000000E000E000E000000026
:109AA00000000000000000000000000000000000B6
:109AB00000000000000000006000600000000000E6
:109AC0000000000000000000000060006000400096
:109AD0002000200000000000000000000004000240
:109AE0000001800040002000100008000400080071
:109AF000100020004000800000010002000400006F
:109B00000000000000000000000000000000000055
:109B10000000000000000000FE0700000000000040
:109B2000FE07000000000000000000000000000030
:109B30000000000000000000000000000400080019
:109B4000100020004000800000010002000400021C
:109B50000001800040002000100008000400000008
:109B60000000000000000000000000000000E00312
:109B70001806040C040C0C0C0C0C000780014000AF
:109B80004000400000000000E000E000E0000000B5
:109B9000000000000000000000000000E0001803CA
:109BA0000C02CC0564056605A605B604B604B60429
:109BB000B604B602E4010C040C021803F000000025
:109BC0000000000000000000000000000000600035
:109BD00060005000D00090009000880088010801CB
:109BE000F801040304030402020202060F0F00003E
:109BF0000000000000000000000000000000FE0067
:109C00008C030C030C030C030C038C01FC000C03F1
:109C10000C020C060C060C060C060C03FE010000E0
:109C20000000000000000000000000000000E00351
:109C300018030C060C0404040600060006000600C7
:109C40000600060006040C040C021803F0000000D5
:109C500000000000000000000000000000007F0085
:109C60008C010C030C030C060C060C060C060C06EF
:109C70000C060C060C060C030C038C017F00000084
:109C80000000000000000000000000000000FF03D2
:109C9000060306040604060086008600FE00860011
:109CA000860086000600060406040602FF03000084
:109CB0000000000000000000000000000000FF03A2
:109CC000060306040604060086008600FE008600E1
:109CD0008600860006000600060006001F00000041
:109CE0000000000000000000000000000000F00084
:109CF00018010C020C020402060006000600060011
:109D0000C60F060306030C030C031803F000000043
:109D100000000000000000000000000000000F0F25
:109D2000060606060606060606060606FE070606DA
:109D30000606060606060606060606060F0F0000BD
:109D40000000000000000000000000000000FC0314
:109D50006000600060006000600060006000600003
:109D6000600060006000600060006000FC030000B4
:109D70000000000000000000000000000000F807E4
:109D8000C000C000C000C000C000C000C000C000D3
:109D9000C000C000C000C000C000C000C000C600BD
:109DA00066003C0000000000000000000000CF033F
:109DB0008601C60046002600160036002E006E0002
:109DC0004600C60086008601060106038F070000D4
:109DD00000000000000000000000000000001F0064
:109DE0000600060006000600060006000600060043
:109DF000060006000600060406040602FF03000033
:109E00000000000000000000000000000000070744
:109E1000860386038E038E034E034E034A035A03C2
:109E20005A033A0332033203320312038707000056
:109E300000000000000000000000000000008E0F85
:109E40000C021C021C02340234026402640244024A
:109E5000C402840284038403040304031F02000079
:109E60000000000000000000000000000000F00002
:109E700098010C030C0206060606060606060606F0
:109E80000606060606060C020C039801F000000008
:109E90000000000000000000000000000000FF00C3
:109EA0000603060606060606060606068603FE00E6
:109EB0000600060006000600060006001F0000005F
:109EC0000000000000000000000000000000F000A2
:109ED00098010C030C020606060606060606060690
:109EE0000606060676064C02CC039801F0008007B1
:109EF0000003000000000000000000000000FF015F
:109F0000060306060606060606060603FE004600CB
:109F1000C600860086010603060306060F0E000033
:109F20000000000000000000000000000000F80237
:109F30000C030602060206000E003C00F800E003D7
:109F4000800300070206020606060C03F00100006B
:109F50000000000000000000000000000000FE07FC
:109F600062046108610860006000600060006000D9
:109F7000600060006000600060006000F8010000A8
:109F800000000000000000000000000000001E07AC
:109F90000C020C020C020C020C020C020C020C0251
:109FA0000C020C020C020C020C021801F000000062
:109FB00000000000000000000000000000000F078B
:109FC0000602040104010C010C01880088009800BD
:109FD0009800500050007000300020002000000069
:109FE0000000000000000000000000000000F70E6C
:109FF000620442044604460464026402E402E40289
:10A000009C029C019801980188018800880000004A
:10A0100000000000000000000000000000009E079B
:10A020000C01080118019000B000600020006000E1
:10A030006000D00090008801080104038E07000032
:10A0400000000000000000000000000000000F0FF2
:10A05000060404020C0208011801B800B0007000E8
:10A06000600060006000600060006000F8010000B7
:10A070000000000000000000000000000000FC07DD
:10A080000C02060302018001800040004000200015
:10A0900020001000180008040C040402FE03000055
:10A0A0000000000000000000E0032000200020006D
:10A0B00020002000200020002000200020002000A0
:10A0C0002000200020002000200020002000200090
:10A0D000E003000000000000000000000400040095
:10A0E00008000800100010001000200020004000B0
:10A0F0004000C0008000800000010001000200025A
:10A1000000020004000000007C004000400040000D
:10A11000400040004000400040004000400040003F
:10A12000400040004000400040004000400040002F
:10A130007C000000000060009000080100000000AA
:10A14000000000000000000000000000000000000F
:10A1500000000000000000000000000000000000FF
:10A1600000000000000000000000000000000000EF
:10A1700000000000000000000000000000000000DF
:10A1800000000000000000000000000000000000CF
:10A190000000FF0F00000000180060000000000039
:10A1A00000000000000000000000000000000000AF
:10A1B000000000000000000000000000000000009F
:10A1C000000000000000000000000000000000008F
:10A1D0000000000000000000F0010C030C0300036D
:10A1E000E0031C030E03060306038E0B7C0E000027
:10A1F00000000000000000000000000008000E0049
:10A200000C000C000C000C00CC013C031C060C06DE
:10A210000C060C060C060C060C021C03E4010000E4
:10A22000000000000000000000000000000000002E
:10A230000000000000000000F0008C018C0186018D
:10A2400006000600060006020C020C01F0000000E9
:10A250000000000000000000000000000002C00339
:10A26000000300030003000378038C030C030603C0
:10A27000060306030603060304038C0778010000A7
:10A2800000000000000000000000000000000000CE
:10A290000000000000000000E001180308020C06A6
:10A2A0000C06FC070C000C0018041802E00100006A
:10A2B0000000000000000000000000000000C003DB
:10A2C0006006300630003000FE0130003000300003
:10A2D000300030003000300030003000FC01000061
:10A2E000000000000000000000000000000000006E
:10A2F0000000000000000000F007D8068C018C016F
:10A300008C019801F8000C00FC00CC030603060346
:10A310008E03F800000000000000000008000E009E
:10A320000C000C000C000C00EC011C030C030C03D3
:10A330000C030C030C030C030C030C039E0700001E
:10A3400000000000000000000000000000006000AD
:10A3500060000000000040007C00600060006000C1
:10A36000600060006000600060006000FC030000AE
:10A370000000000000000000000000000000C0011C
:10A38000C001000000000001F00180018001800197
:10A3900080018001800180018001800180018001B5
:10A3A000CC007C00000000000000000008000E004F
:10A3B0000C000C000C000C008C038C008C004C007A
:10A3C0006C005C008C008C010C010C039E070000EB
:10A3D00000000000000000000000000040007C00C1
:10A3E000600060006000600060006000600060006D
:10A3F000600060006000600060006000FC0300001E
:10A40000000000000000000000000000000000004C
:10A4100000000000000000003707EE066606660632
:10A42000660666066606660666066606FF0F000096
:10A43000000000000000000000000000000000001C
:10A440000000000000000000EE011C030C030C03E0
:10A450000C030C030C030C030C030C039E070000FD
:10A4600000000000000000000000000000000000EC
:10A470000000000000000000F00098010C03060638
:10A4800006060606060606060C030C03F00000008E
:10A4900000000000000000000000000000000000BC
:10A4A0000000000000000000EE011C030C060C067A
:10A4B0000C060C060C060C060C031C03EC010C002D
:10A4C0000C003E0000000000000000000000000042
:10A4D000000000000000000078028C030C0306035B
:10A4E000060306030603060304038C037803000334
:10A4F0000003C00700000000000000000000000092
:10A5000000000000000000009F03580638061800F5
:10A51000180018001800180018001800FF000000AC
:10A52000000000000000000000000000000000002B
:10A530000000000000000000F0031C030C020C02ED
:10A540003800F000C003040304038C03FC01000086
:10A5500000000000000000000000000000000000FB
:10A560002000200030003000FE01300030003000BC
:10A57000300030003000300030023002E0010000D6
:10A5800000000000000000000000000000000000CB
:10A5900000000000000008028E030C030C030C03F3
:10A5A0000C030C030C030C030C039C077801000044
:10A5B000000000000000000000000000000000009B
:10A5C00000000000000000001E070C020801080146
:10A5D00018019000B000B000600060002000000092
:10A5E000000000000000000000000000000000006B
:10A5F0000000000000000000F70E62044604640240
:10A600006402EC029C019801980198010800000086
:10A61000000000000000000000000000000000003A
:10A620000000000000000000BC0718011001B0008D
:10A6300060006000E0009000080108039E07000031
:10A64000000000000000000000000000000000000A
:10A6500000000000000000009E070801080108013A
:10A6600090009000B00060006000600020002000BA
:10A6700024001C000000000000000000000000009A
:10A680000000000000000000FC018401C400440040
:10A69000600020003000180208020C03FC010000DA
:10A6A0000000000000000000000380008000800027
:10A6B000800080008000800080004000200040007A
:10A6C000800080008000800080008000800080008A
:10A6D00000030000400040004000400040004000F7
:10A6E000400040004000400040004000400040006A
:10A6F000400040004000400040004000400040005A
:10A7000040004000000000000C001000100010008D
:10A710001000100010001000100020004000200069
:10A7200010001000100010001000100010001000A9
:10A730000C00000000001C002204C2048003000082
:10A740000000000000000000000000000000000009
:10A7500000000000000000000000000000000000F9
:10A7600000000000000000000000000000000000E9
:10A7700000000000000000000000000000000000D9
:10A7800000000000000000000000000000000000C9
:10A7900000000000000000000000000000000000B9
:10A7A0000000000000000000000000000000C001E8
:10A7B000C001C001C001C001C001C0018000800013
:10A7C0008000800080008000800000000000000009
:10A7D00000008001C003C0038001000000000000F1
:10A7E00000000000000000000000E01CE01CF01E63
:10A7F000700E3807180308018400000000000000F4
:10A800000000000000000000000000000000000048
:10A810000000000000000000000000000000000038
:10A820000000000000000000000000000000000028
:10A8300020102010201020102010FE7FFE7F100816
:10A84000100810081008100810081008FE7FFE7F7E
:10A8500008040804080408040804000000000000BC
:10A8600000000000000000000000000000010001E6
:10A87000C0076019103118311839183938017001C2
:10A88000E001C0038007000F001D003900311C31BA
:10A890001C310C310C11180DE00700010001000102
:10A8A00000000000000000000000000000000000A8
:10A8B0001C1036186308630C6304630463026302AC
:10A8C0006301361D9C3780228063406340632063B0
:10A8D0002063306310221836081C000000000000BE
:10A8E0000000000000000000000000000000000068
:10A8F000F00098018C018C018C018C018C00CC0043
:10A900007800183E1C083608320863046304C30448
:10A91000C303834306438E26781C0000000000001A
:10A92000000000000000000000001C003C003C0093
:10A930003000300010000C00060000000000000095
:10A940000000000000000000000000000000000007
:10A9500000000000000000000000000000000000F7
:10A960000000000000000000000000400020001077
:10A970000008000C0004000600030003000380012F
:10A98000800180018001800180018001800100033D
:10A990000003000300060006000C00080010002061
:10A9A0000040000000000000000002000400080059
:10A9B0001000300020006000C000C000C000800116
:10A9C0008001800180018001800180018001C00040
:10A9D000C000C000600060003000100008000400EB
:10A9E0000200000000000000000000000000000065
:10A9F0000000000000018003800300011C713C790D
:10AA0000783DC0070001C007783D3C791C7100010A
:10AA100080038003800100000000000000000000AF
:10AA20000000000000000000000000000000000026
:10AA30000000000000000001000100010001000111
:10AA400000010001FC7F0001000100010001000184
:10AA500000010001000000000000000000000000F4
:10AA600000000000000000000000000000000000E6
:10AA700000000000000000000000000000000000D6
:10AA800000000000000000000000000000000000C6
:10AA9000000000001C003C003C00300030001000B2
:10AAA0000C00060000000000000000000000000094
:10AAB0000000000000000000000000000000000096
:10AAC00000000000FE7F0000000000000000000009
:10AAD0000000000000000000000000000000000076
:10AAE0000000000000000000000000000000000066
:10AAF0000000000000000000000000000000000056
:10AB00000000000000000000000000000000000045
:10AB1000000018003C003C0018000000000000008D
:10AB20000000000000000000000000400060002065
:10AB30000030001000180008000C0004000600029D
:10AB40000003000180018000C00040006000200080
:10AB500030001000180008000C000400060002007D
:10AB600000000000000000000000000000000000E5
:10AB7000C007600C30181830183018200C600C60BA
:10AB80000C600C600C600C600C600C600C60182099
:10AB9000183018303018600CC007000000000000AA
:10ABA00000000000000000000000000000000000A5
:10ABB00000018001F8018001800180018001800195
:10ABC000800180018001800180018001800180017D
:10ABD000800180018001C003F81F00000000000018
:10ABE0000000000000000000000000000000000065
:10ABF000E007101C0818043004300C300C30003012
:10AC0000001800080004000200018000400020201D
:10AC1000102008200430FC1FFC1F00000000000072
:10AC20000000000000000000000000000000000024
:10AC3000E003180E0C0C0C180C180C180018000C63
:10AC40000006C003000E00180010003000300C3069
:10AC50000C300C100C18180CE00300000000000071
:10AC600000000000000000000000000000000000E4
:10AC7000000C000E000E000F800E800E400E600EC5
:10AC8000200E100E100E080E040E040EFE7F000E95
:10AC9000000E000E000E000E000EC07F000000002F
:10ACA00000000000000000000000000000000000A4
:10ACB000F03FF03F10001000100008000800C80727
:10ACC000280C1818081000300030003000300C300C
:10ACD0000C3004180418080CF003000000000000F9
:10ACE0000000000000000000000000000000000064
:10ACF000800FC010203010301800180008000C0021
:10AD00008C0F6C183C301C600C600C600C600C608C
:10AD10001860182030306018C007000000000000E4
:10AD20000000000000000000000000000000000023
:10AD3000F83FF83F1C100C0804080404000400024B
:10AD40000002000100010001800080008000C000BE
:10AD5000C000C000C000C000C00000000000000033
:10AD600000000000000000000000000000000000E3
:10AD7000E007300C18180C300C300C301C30381830
:10AD80007008E007B007180E0C1C063806300630B5
:10AD9000063006300C18180CE0030000000000001C
:10ADA00000000000000000000000000000000000A3
:10ADB000E00318040C080C180610063006300630A4
:10ADC000063006380C3C1836F031003000180018F8
:10ADD00000180C0C0C060C03F00100000000000031
:10ADE0000000000000000000000000000000000063
:10ADF00000000000000000000000000000008001D2
:10AE0000C003C0038001000000000000000000003B
:10AE100000008001C003C0038001000000000000AA
:10AE20000000000000000000000000000000000022
:10AE30000000000000000000000000000000C00052
:10AE4000C000000000000000000000000000000042
:10AE5000000000000000C000C00080008000400032
:10AE60004000000000000000000000000000002082
:10AE7000001000080004000600038001C00060000C
:10AE8000300018000C00180030006000C000800185
:10AE9000000300060004000800100020000000006D
:10AEA00000000000000000000000000000000000A2
:10AEB0000000000000000000000000000000FE7F15
:10AEC00000000000000000000000FE7F0000000005
:10AED0000000000000000000000000000000000072
:10AEE000000000000000000000000000000004005E
:10AEF0000800100020006000C00080010003000670
:10AF0000000C001800300018000C0006000380013F
:10AF1000C0006000200010000800040000000000D5
:10AF20000000000000000000000000000000C0075A
:10AF30003018083008600C601C601C601C60003019
:10AF4000001C0006000180008000800080000000DE
:10AF500000008001C003C003800100000000000069
:10AF600000000000000000000000000000000000E1
:10AF7000C0076018103018200C2F8C4D864CC64C22
:10AF8000C64C664C66446644662666266615CC1C2E
:10AF90000C40082018303018C007000000000000E6
:10AFA00000000000000000000000000000000001A0
:10AFB000C001C001C0014001600320032003200341
:10AFC0003006100610061006F80F080C080C080CC6
:10AFD0000C0C0418041806181F7C00000000000068
:10AFE0000000000000000000000000000000000061
:10AFF000FE07181C18381830183018301830181878
:10B00000180CF80718181830182018601860186005
:10B010001860186018301818FE0F000000000000BB
:10B020000000000000000000000000000000000020
:10B03000C0276038103018200C400C400400060077
:10B0400006000600060006000600060006000C408A
:10B050000C400C2018303018C00700000000000021
:10B0600000000000000000000000000000000000E0
:10B07000FE03180E181818301830183018601860B1
:10B080001860186018601860186018601860183030
:10B09000183018101818180EFE03000000000000E9
:10B0A00000000000000000000000000000000000A0
:10B0B000FE3F1830182018601840180018081808AB
:10B0C000180CF80F180C18081808180018001800A9
:10B0D0001840184018201830FE3F00000000000003
:10B0E0000000000000000000000000000000000060
:10B0F000FE7F1870184018C018801800181018101B
:10B100001818F81F18181810181018001800180030
:10B1100018001800180018007E0000000000000051
:10B12000000000000000000000000000000000001F
:10B13000C013701C101018100C200C200400060006
:10B14000060006000600060006FC063006300C303D
:10B150000C30183018303008C00700000000000024
:10B1600000000000000000000000000000000000DF
:10B170003F7E0C180C180C180C180C180C180C1816
:10B180000C180C18FC1F0C180C180C180C180C18A8
:10B190000C180C180C180C183F7E00000000000062
:10B1A000000000000000000000000000000000009F
:10B1B000F81F8001800180018001800180018001F1
:10B1C0008001800180018001800180018001800177
:10B1D0008001800180018001F81F00000000000054
:10B1E000000000000000000000000000000000005F
:10B1F000E07F0006000600060006000600060006C6
:10B20000000600060006000600060006000600060E
:10B210000006000600060006000600060E060E03E5
:10B220008E01FC0000000000000000000000000093
:10B230007E7C1818180818041806180218019801BE
:10B240009801D801B803380318071806180E180C0F
:10B25000181C1818183018307EFC00000000000080
:10B2600000000000000000000000000000000000DE
:10B270007E001800180018001800180018001800A8
:10B2800018001800180018001800180018001800FE
:10B290001840184018201830FE3F00000000000041
:10B2A000000000000000000000000000000000009E
:10B2B0001FF81C381C381C381C3C343434343434EB
:10B2C000343674326432643264326431C431C4312D
:10B2D000C431C430C43084309FFC00000000000042
:10B2E000000000000000000000000000000000005E
:10B2F0001F7C1C103C103410341074106410E410C7
:10B30000C410C41184118413041304170416041EFA
:10B31000041C041C041C04181F180000000000007A
:10B32000000000000000000000000000000000001D
:10B33000C003300C181808100C300C300660066082
:10B3400006600660066006600660066006600C2007
:10B350000C3008101818300CC0030000000000006A
:10B3600000000000000000000000000000000000DD
:10B37000FE0F1818183018601860186018601860F0
:10B3800018301818F80F18001800180018001800C6
:10B3900018001800180018007E00000000000000CF
:10B3A000000000000000000000000000000000009D
:10B3B000C003300C18180C100C300C20066006600E
:10B3C0000660066006600660066006600660E4616E
:10B3D0002C331C321816300EC007004C007C00388D
:10B3E000000000000000000000000000000000005D
:10B3F000FE07181C18381830183018301830181874
:10B40000180CF80798031803180718061806180EE2
:10B41000180C180C181C18187E780000000000008A
:10B42000000000000000000000000000000000001C
:10B43000E027303818300C200C200C000C001800CD
:10B440007800E003800F001E003800700060046088
:10B450000460086018303818C80F000000000000B1
:10B4600000000000000000000000000000000000DC
:10B47000FC3F8C21846182418241800180018001F6
:10B4800080018001800180018001800180018001B4
:10B490008001800180018001E007000000000000C1
:10B4A000000000000000000000000000000000009C
:10B4B0003F7C0C100C100C100C100C100C100C100D
:10B4C0000C100C100C100C100C100C100C100C109C
:10B4D0000C100C1008083804E00300000000000005
:10B4E000000000000000000000000000000000005C
:10B4F0003EF818201820182030103010301030106E
:10B50000600860086008E00CC004C004C004800348
:10B5100080038003800300010001000000000000A0
:10B52000000000000000000000000000000000001B
:10B53000DFF38661862186218C210C218C238C13DC
:10B540008C138C134C1358125816580E380E380E94
:10B55000380E300C1004100410040000000000002D
:10B5600000000000000000000000000000000000DB
:10B570007E3E180838083004300470026002E00192
:10B58000C001C0018001800340034007200620065F
:10B59000100C100C081808183E7C00000000000079
:10B5A000000000000000000000000000000000009B
:10B5B0007E7C1C10181018083008300C70046004D1
:10B5C0006002C002C002C0018001800180018001D0
:10B5D0008001800180018001E00700000000000080
:10B5E000000000000000000000000000000000005B
:10B5F000F83F18180818040C040E00060007000392
:10B6000080038001C001C000E000600070003000D5
:10B61000382018201C100C18FE1F0000000000002D
:10B6200000000000000000000000C03F400040009B
:10B63000400040004000400040004000400040000A
:10B6400040004000400040004000400040004000FA
:10B650004000400040004000400040004000C03F2B
:10B6600000000000000000000000000000000800D2
:10B67000180018001000300020006000600040003A
:10B68000C00080008001800100010003000200066C
:10B6900000060004000C000800180018001000301C
:10B6A00000200000000000000000FC030002000277
:10B6B000000200020002000200020002000200027A
:10B6C000000200020002000200020002000200026A
:10B6D0000002000200020002000200020002FC035D
:10B6E000000000000000000000008007C0062008E5
:10B6F000101000000000000000000000000000002A
:10B700000000000000000000000000000000000039
:10B710000000000000000000000000000000000029
:10B720000000000000000000000000000000000019
:10B730000000000000000000000000000000000009
:10B7400000000000000000000000000000000000F9
:10B7500000000000000000000000000000000000E9
:10B760000000FFFF0000000000007800C0000001A2
:10B7700000000000000000000000000000000000C9
:10B7800000000000000000000000000000000000B9
:10B7900000000000000000000000000000000000A9
:10B7A0000000000000000000000000000000000099
:10B7B0000000000000000000000000000000F00396
:10B7C00018060C0C0C0C000C800F700C1C0C0C0CD4
:10B7D000060C060C064C0C4FF83800000000000068
:10B7E0000000000000000000000000000000100049
:10B7F0001E00180018001800180018001800180F74
:10B80000D8183830386018601860186018601860F0
:10B810001860182038307818C807000000000000B1
:10B820000000000000000000000000000000000018
:10B830000000000000000000000000000000C00741
:10B84000700C181818180C180C000C000C000C00C8
:10B850000C20182018103008C0070000000000005D
:10B8600000000000000000000000000000000010C8
:10B87000001E001800180018001800180018E01B1F
:10B88000301C181818180C180C180C180C180C1858
:10B890000C180818181C307AE0090000000000009D
:10B8A0000000000000000000000000000000000098
:10B8B0000000000000000000000000000000C007C1
:10B8C000300C181808100C300C30FC3F0C000C0029
:10B8D0000C00182018107018C007000000000000AD
:10B8E0000000000000000000000000000000000058
:10B8F000003E80C380C0C0C0C000C000C000FC1FAC
:10B90000C000C000C000C000C000C000C000C00037
:10B91000C000C000C000C000F80F00000000000020
:10B920000000000000000000000000000000000017
:10B930000000000000000000000000000000C077D0
:10B94000306C10181818181818181018300CF00748
:10B9500018001800F00FF03F08700C600C600C60CD
:10B960003838E00F00000000000000000000100068
:10B970001E00180018001800180018001800980F72
:10B98000D8183830183018301830183018301830AF
:10B9900018301830183018307EFC0000000000000D
:10B9A0000000000000000000000000000000000097
:10B9B0008003800380030000000000000001F80104
:10B9C000800180018001800180018001800180016F
:10B9D0008001800180018001F81F0000000000004C
:10B9E0000000000000000000000000000000000057
:10B9F0000038003800380000000000000010801FF0
:10BA00000018001800180018001800180018001876
:10BA10000018001800180018001800180018180C5A
:10BA20001806F003000000000000000000001000F5
:10BA30001E00180018001800180018001800183E02
:10BA4000180C1806180318019801D80138031807B4
:10BA50001806180C181C18187E7C00000000000046
:10BA600000000000000000000000000000000001D5
:10BA7000F801800180018001800180018001800146
:10BA800080018001800180018001800180018001AE
:10BA90008001800180018001F81F0000000000008B
:10BAA0000000000000000000000000000000000096
:10BAB0000000000000000000000000000800EE1C74
:10BAC0009C338C318C318C318C318C318C318C317C
:10BAD0008C318C318C318C31DE7B00000000000019
:10BAE0000000000000000000000000000000000056
:10BAF00000000000000000000000000010001E0F09
:10BB0000D81838301830183018301830183018302D
:10BB100018301830183018307EFC0000000000008B
:10BB20000000000000000000000000000000000015
:10BB30000000000000000000000000000000C0073E
:10BB4000701C103018300C600C600C600C600C60C5
:10BB50000C60183018303018C007000000000000DA
:10BB600000000000000000000000000000000000D5
:10BB700000000000000000000000000010009E0F08
:10BB8000581838301820186018601860186018604D
:10BB90001860183038307818980718001800180006
:10BBA00018007E00000000000000000000000000FF
:10BBB0000000000000000000000000000000C023A2
:10BBC000303C183818300C300C300C300C300C3045
:10BBD0000C3008301838303CE03300300030003092
:10BBE000003000FC00000000000000000000000029
:10BBF00000000000000000000000000060007E3C2B
:10BC000060666061E000E00060006000600060006D
:10BC10006000600060006000FE070000000000009F
:10BC20000000000000000000000000000000000014
:10BC30000000000000000000000000000000E027FD
:10BC400030381830182018007000E003800F001CF6
:10BC5000043004300C301C18EC0F00000000000011
:10BC600000000000000000000000000000000000D4
:10BC700000000000800080008000C000E000FC1F89
:10BC8000C000C000C000C000C000C000C000C000B4
:10BC9000C000C020C0208011000F00000000000084
:10BCA0000000000000000000000000000000000094
:10BCB00000000000000000000000000010201E3CFA
:10BCC0001830183018301830183018301830183034
:10BCD00018301830183830F4E0130000000000006D
:10BCE0000000000000000000000000000000000054
:10BCF00000000000000000000000000000007E3C8A
:10BD00001818180838083004300470026002600205
:10BD1000E001C001C001C000800000000000000080
:10BD20000000000000000000000000000000000013
:10BD30000000000000000000000000000000DFF72D
:10BD40008E630C238C238C23981398135816581643
:10BD5000700E700E700E2004200400000000000021
:10BD600000000000000000000000000000000000D3
:10BD70000000000000000000000000000000FC3E89
:10BD800070087004E004C002C00180038003400713
:10BD90006006200C100C18183E7E00000000000009
:10BDA0000000000000000000000000000000000093
:10BDB00000000000000000000000000000007E7C89
:10BDC0001818180830083008300460046004C002F5
:10BDD000C002C002800180018001800080008000DC
:10BDE0004C003C00000000000000000000000000CB
:10BDF0000000000000000000000000000000FC1F28
:10BE00000C0C040E0406000380038001C000E00057
:10BE10007020302038301C18FC1F0000000000008B
:10BE200000000000000000000000003000080004D6
:10BE300000040004000400040004000400040004E2
:10BE40000004000280010002000400040004000459
:10BE500000040004000400040004000400040008BE
:10BE6000003000000001000100010001000100019C
:10BE700000010001000100010001000100010001BA
:10BE800000010001000100010001000100010001AA
:10BE9000000100010001000100010001000100019A
:10BEA000000100010000000000000C001000200054
:10BEB0002000200020002000200020002000200082
:10BEC00020004000800140002000200020002000D1
:10BED0002000200020002000200020002000100072
:10BEE0000C00000000003800C400864002610022FF
:10BEF000001C000000000000000000000000000026
:10BF00000000000000000000000000000000000031
:10BF10000000000000000000000000000000000021
:10BF200000000000000610160006101600000000B9
:10BF300058004800B00090006001200158003C000B
:10BF4000B00078006001F00028001E0050003C00A6
:10BF5000A00078004001F0008002E0013C002800D1
:10BF600078005000F000A000E001400140002000F7
:10BF70004000400080004000800080008000A00061
:10BF80008000A000D002E001F002E001200358028E
:10BF900000040003000500044006B0040005D002C0
:10BFA000800738040005C003200A980706000C002B
:10BFB0000C00000000000000308B0008080010009A
:10BFC0001000000000000100A48F00080C00180001
:10BFD00030000000000002009495000810002000CE
:10BFE000400000000000030064A70008FF01128069
:10BFF000FF002CFF2EDFFF013C321100090204D8A4
:10C0000013E514482C0C33783A333BFB3E004311C4
:10C010001610399235DA221A37C3230034C0361A83
:10C02000068807C00D870E414C0048005B004203A4
:10C030004A8121992440253826825C0063004622EB
:10C040000C3C617062807C05208028306C006D8023
:10C050006E007002719473C13D345A57124017112B
:10C06000184319001A4B320937C04FCA50A85A2337
:10C070006D003D38FF00E57FF9C04124E01476FFF4
:10C0800033A0422043184C0087D5883FD703D910EE
:10C09000D382C808C9807C007D007C037D487D4830
:10C0A0007C087D207D107D0E9000910E911A9131BB
:10C0B000915A91699175917E9188918F919691A3F2
:10C0C00091AF91C491D791E891209200930693E3A8
:10C0D00093059305930093049300930093009300BA
:10C0E0009300930093009600970897199702970C76
:10C0F00097249730972897269702979897809700CC
:10C100009700C3EDA400A800C511C651BF80C71099
:10C11000B666B8A5B764B97CB3AFB497B5FFB0C580
:10C12000B194B20FC45CC064C14B8C00863D50001A
:10C1300051C852965300540055005AC85B965C0093
:10C14000D302C3ED7F00DA08E51FE167E000DD7F81
:10C150000500FF00E0045A505B3C5C00E00000007A
:10C1600047402140506E40518F3008423103033028
:10C1700017FF3018FF302C0231080136302E3632CE
:10C18000E23633233621E03704A037035A371578D7
:10C19000371701370B6037051A3905023906103990
:10C1A000010A373112360008360133302D6036204F
:10C1B00052371B20471C503A18003A19F836351CE4
:10C1C0003634403622013C04283C05983C06003CAD
:10C1D00007083C08003C091C3C0A9C3C0B403820EA
:10C1E00047382101380000380100380200380304C4
:10C1F00038040A38053F38060738079B38080538E1
:10C200000900380A03380BC03810003811103812F2
:10C210000038130638143138153130341A303511DE
:10C22000303664303713303800303900380C073876
:10C230000D68380E03380FD83C01B43C00043A08AE
:10C24000003A09933A0E063A0A003A0B7B3A0D0877
:10C250003A00383A02053A03C43A14053A15C4368E
:10C260001800361229370864370952370C03400189
:10C270000240040230000030021C3004FF3006C3CC
:10C28000300E58302E00430030501F004713044436
:10C290000704460B35460C223824025001A334060D
:10C2A00001340006340180340204340300340406EF
:10C2B0003405005180FF5181F251820051831451A5
:10C2C0008425518524518616518716518816518927
:10C2D00062518A62518BF0518CB2518D50518E3027
:10C2E000518F305190505191F851920451937051A7
:10C2F00094F05195F051960351970151980451993A
:10C3000012519A04519B00519C06519D82519E38B6
:10C3100053811E53825B5383145384065385825387
:10C32000868853877C53886053891C538A01538BBA
:10C330009853000853013053023F5303105304082D
:10C34000530530530618530728530908530A30532E
:10C350000B04530C065480015481065482125483FA
:10C360002454844A54855854866554877254887D71
:10C37000548988548A92548BA3548CB2548DC854D7
:10C380008EDD548FF05490155580065583405584AA
:10C3900020558910558A00558BF85000A758002069
:10C3A00058011958021758031658041858052158EF
:10C3B000060F58070A580807580907580A0A580B61
:10C3C0000C580C0A580D03580E01580F0158100351
:10C3D00058110958120A58130358140158150158D6
:10C3E000160358170858181058190A581A06581BD7
:10C3F00006581C08581D0E581E22581F1858201386
:10C4000058211258221658231E58246458252A5899
:10C41000262C58272A58284658292A582A26582B85
:10C4200024582C26582D2A582E28582F4258304050
:10C430005831425832085833285834265835245831
:10C44000362658372A58384458394A583A2C583BD7
:10C450002A583C46583DCE568822568922568A4252
:10C46000568B24568C42568D24568E22568F22503F
:10C4700025003A0F303A10283A1B303A1E283A115C
:10C48000613A1F1040051A340600350300300802D7
:10C490003A02073A03AE3A08013A09273A0A003A43
:10C4A0000BF63A0E063A0D083A14073A15AE440157
:10C4B0000D4723030000003A04120017131801323D
:10C4C000B619021A7A030A0C003E0015027A207B84
:10C4D000107C1E7D357E5A7F6980768180828883BC
:10C4E0008F849685A386AF87C488D789E813E00038
:10C4F0000010000D401418A505AB07249525332620
:10C50000E39F78A068A103A6D8A7D8A8F0A990AA0D
:10C510009413E5300031000E610F4B16021E3021DE
:10C520000222912907330B350B371D3871392A3C0C
:10C53000784D404E20690074108D4F8E008F009012
:10C5400000910096009A00B084B10CB20EB382B88C
:10C550000A430A44F0453446584728483A59885A0D
:10C56000885B445C675D495E0E6C0A6D556E116FA9
:10C570009F6A400140024013E74F805080510052B3
:10C5800022535E5480589E34113B12A48296009729
:10C5900030982099309A849B299C039D4C9E3F782B
:10C5A000047901C8F0790FC8007910C87E790AC8EB
:10C5B00080790BC801790CC80F790DC8207909C89A
:10C5C000807902C8C07903C8407905C8307926FF50
:10C5D000FF3D03172218A419071AF0320029A02CD6
:10C5E000F02A0011C0427F4D0963E064FF652F66A9
:10C5F00000674813F00D410FC51411227F23032457
:10C6000040253026A12B006BAA13FF9005910192C3
:10C6100003930094B0959D96139716987B99919AE1
:10C620001E9B089C209E81A6067E0C7F16802A8178
:10C630004E8261836F847B8586868E879788A489E6
:10C64000AF8AC58BD78CE88D203300227F23034A25
:10C650001049104B144C1746010EF5120400003E11
:10C660001A722273F21716180432A419021A7A03E6
:10C670000AFFFF12048C00040040D0146A4FB3502C
:10C68000B35100523D53A754E43D40FFFFFF00E08B
:10C6900004DA08D703E177E00000002E2E2F447261
:10C6A00069766572732F53544D3332463478785F10
:10C6B00048414C5F4472697665722F5372632F73E1
:10C6C000746D3332663478785F68616C5F64636D73
:10C6D000692E63002E2E2F447269766572732F5374
:10C6E000544D3332463478785F48414C5F44726928
:10C6F0007665722F5372632F73746D33326634789C
:10C70000785F68616C5F64636D695F65782E630054
:10C710002E2E2F447269766572732F53544D333227
:10C72000463478785F48414C5F4472697665722F71
:10C730005372632F73746D3332663478785F686137
:10C740006C5F7263632E63002E2E2F4472697665D0
:10C7500072732F53544D3332463478785F48414CCE
:10C760005F4472697665722F5372632F73746D33F1
:10C7700032663478785F68616C5F6770696F2E63CA
:10C78000002E2E2F447269766572732F53544D33E9
:10C7900032463478785F48414C5F447269766572FE
:10C7A0002F5372632F73746D3332663478785F68F9
:10C7B000616C5F646D615F65782E63002E2E2F447F
:10C7C0007269766572732F53544D333246347878DC
:10C7D0005F48414C5F4472697665722F5372632FD4
:10C7E00073746D3332663478785F68616C5F646D42
:10C7F000612E63002E2E2F447269766572732F535B
:10C80000544D3332463478785F48414C5F44726906
:10C810007665722F5372632F73746D33326634787A
:10C82000785F68616C5F636F727465782E63002E49
:10C830002E2F447269766572732F53544D333246EE
:10C840003478785F48414C5F4472697665722F5343
:10C8500072632F73746D3332663478785F68616CFD
:10C860005F6932632E63002E2E2F447269766572E3
:10C87000732F53544D3332463478785F48414C5FC0
:10C880004472697665722F5372632F73746D3332FD
:10C89000663478785F68616C5F7370692E63002E10
:10C8A0002E2F447269766572732F53544D3332467E
:10C8B0003478785F48414C5F4472697665722F53D3
:10C8C00072632F73746D3332663478785F68616C8D
:10C8D0005F74696D2E63002E2E2F44726976657227
:10C8E000732F53544D3332463478785F48414C5F50
:10C8F0004472697665722F5372632F73746D33328D
:10C90000663478785F68616C5F74696D5F65782EF6
:10C9100063002E2E2F447269766572732F53544D27
:10C920003332463478785F48414C5F4472697665AB
:10C93000722F5372632F73746D3332663478785F5D
:10C9400068616C5F756172742E6300312E31342022
:10C95000696E636800302E393620696E6368003175
:10C960002E343720696E636800000000C8CA0008D2
:10C9700000000010D8000000EC010008C8CA000840
:10C9800000000020002C01000C020008A0CB0008D1
:10C99000D8000010A01500000C0200081C000000C8
:10C9A00043000000F8FFFFFF0C0000000E00000035
:10C9B0000F0000002E0000001001000043000000E6
:10C9C000F8FFFFFF004040404040404040404141B0
:10C9D0004141414040404040404040404040404054
:10C9E00040404040400502020202020202020202EE
:10C9F00002020202022020202020202020202002EB
:10CA0000020202020202909090909090101010107A
:10CA10001010101010101010101010101010101016
:10CA200002020202020288888888888808080808AA
:10CA30000808080808080808080808080808080876
:10CA4000020202024000000000000000000000009E
:10CA500000000000000000000000000000000000D6
:10CA600000000000000000000000000000000000C6
:10CA700000000000000000000000000000000000B6
:10CA800000000000000000000000000000000000A6
:10CA90000000000000000000000000000000000096
:10CAA0000000000000000000000000000000000086
:10CAB0000000000000000000000000000000000076
:10CAC00000000000000000000024F4001A1A010118
:10CAD0001A1A010101011A1A01011A1A34342828FC
:10CAE00035352828282835352828343422220000D6
:10CAF00022220000000022220000222208C878A87A
:10CB000000C070A000C070A09C00001000000000D9
:10CB10000000000000000000000000000000000015
:10CB20000000000000000000F00300100000000002
:10CB30000000000055C900080003A00050000000DC
:10CB40004BC900080103F000870000005FC900081E
:10CB500002034001AC0000006C00001078000010DF
:10CB60008400001004030010000C024010000000BC
:10CB7000000C02400800010000000000000000005E
:10CB8000000402401000000000000000000000004F
:10CB90009807200A010000001000000000000000BB
:040000050800018965
:00000001FF
